Altered File Name|Original File Name|Content Type|Title|Episode Name|Ripping Group|Season|Episode|Batch|Resolution|Video Tags|Audio Tags|Audio Format| Audio Language|Subtitle Tags|Day|Month|Year|Revision Number|File Type|Checksum|Data Validated
[HorribleSubs] Dororo - 16 [720p].mkv|[HorribleSubs] Dororo - 16 [720p].mkv|Series|Dororo||HorribleSubs||16||720p||||||||||mkv||
[HorribleSubs] Dororo - 16 [1080p].mkv|[HorribleSubs] Dororo - 16 [1080p].mkv|Series|Dororo||HorribleSubs||16||1080p||||||||||mkv||
[HorribleSubs] Dororo - 09 (1080p)|[HorribleSubs] Dororo - 09 (1080p)|Series|Dororo||HorribleSubs||9||1080p||||||||||||
The Blacklist S06E19 720p HDTV x264-KILLERS[ettv]|The.Blacklist.S06E19.720p.HDTV.x264-KILLERS[ettv] torrent|Series|The Blacklist||"KILLERS|ettv"|6|19||720p|"HDTV|x264"|||||||||||
The Blacklist S06E18 720p WEB H264-AMCON[ettv]|The.Blacklist.S06E18.720p.WEB.H264-AMCON[ettv] torrent|Series|The Blacklist||"AMCON|ettv"|6|18||720p|"h264|WEBDL"|||||||||||
The Blacklist S02E19 HDTV XviD-FUM|The Blacklist S02E19 HDTV XviD-FUM|Series|The Blacklist||FUM|2|19|||HDTV|||||||||||
The Blacklist 6x13 Robert Vesco ITA ENG 1080p AMZN WEB-DLMux DD5.1 H 264-TRiADE.mkv|The.Blacklist.6x13.Robert.Vesco.ITA.ENG.1080p.AMZN.WEB-DLMux.DD5.1.H.264-TRiADE.mkv torrent|Series|The Blacklist|Robert Vesco|TRiADE|6|13||1080p|"h264|WEBDL|Remux"|"DD|5.1"||"ita|eng"||||||mkv||
The Blacklist 6x14 The Osterman Umbrella Company ITA ENG 1080p AMZN WEB-DLMux DD5.1 H 264-TRiADE.mkv|The.Blacklist.6x14.The.Osterman.Umbrella.Company.ITA.ENG.1080p.AMZN.WEB-DLMux.DD5.1.H.264-TRiADE.mkv torrent|Series|The Blacklist|The Osterman Umbrella Company|TRiADE|6|14||1080p|"h264|WEBDL|Remux"|"DD|5.1"||"ita|eng"||||||mkv||
The Blacklist S06E17 720p WEB H264-AMCON[ettv]|The.Blacklist.S06E17.720p.WEB.H264-AMCON[ettv] torrent|Series|The Blacklist||"AMCON|ettv"|6|17||720p|"h264|WEBDL"|||||||||||
The Blacklist 6x10-11 ITA ENG 1080p AMZN WEB-DLMux DD5.1 H264-TRiADE|The.Blacklist.6x10-11.ITA.ENG.1080p.AMZN.WEB-DLMux.DD5.1.H264-TRiADE torrent|Series|The Blacklist||TRiADE|6|10-11||1080p|"h264|WEBDL|Remux"|"DD|5.1"||"ita|eng"||||||||
The Blacklist 6x15 Olivia Olson ITA ENG 1080p AMZN WEB-DLMux DD5.1 H 264-TRiADE.mkv|The.Blacklist.6x15.Olivia.Olson.ITA.ENG.1080p.AMZN.WEB-DLMux.DD5.1.H.264-TRiADE.mkv torrent|Series|The Blacklist|Olivia Olson|TRiADE|6|15||1080p|"h264|WEBDL|Remux"|"DD|5.1"||"ita|eng"||||||mkv||
The Blacklist S06E15 720p HDTV x264-KILLERS[ettv]|The.Blacklist.S06E15.720p.HDTV.x264-KILLERS[ettv] torrent|Series|The Blacklist||"KILLERS|ettv"|6|15||720p|"HDTV|x264"|||||||||||
The Blacklist S06E16 720p HDTV x264-KILLERS[ettv]|The.Blacklist.S06E16.720p.HDTV.x264-KILLERS[ettv] torrent|Series|The Blacklist||"KILLERS|ettv"|6|16||720p|"HDTV|x264"|||||||||||
The Blacklist S06E17 WEBRip x264-SHiTSPREAD[ettv]|The.Blacklist.S06E17.WEBRip.x264-SHiTSPREAD[ettv] torrent|Series|The Blacklist||"SHiTSPREAD|ettv"|6|17|||"WEBRip|x264"|||||||||||
The Blacklist 6x08-09 ITA ENG 1080p AMZN WEB-DLMux H264-TRiADE|The.Blacklist.6x08-09.ITA.ENG.1080p.AMZN.WEB-DLMux.H264-TRiADE torrent|Series|The Blacklist||TRiADE|6|8-9||1080p|"h264|WEBDL|Remux"|||"ita|eng"||||||||
The Blacklist S06E18 WEBRip x264-SHiTSPREAD[ettv]|The.Blacklist.S06E18.WEBRip.x264-SHiTSPREAD[ettv] torrent|Series|The Blacklist||"SHiTSPREAD|ettv"|6|18|||"WEBRip|x264"|||||||||||
The Blacklist S02 1080p BluRay x264-ROVERS[rartv]|The.Blacklist.S02.1080p.BluRay.x264-ROVERS[rartv]|Series|The Blacklist||"ROVERS|rartv"|2|||1080p|"BD|x264"|||||||||||
The Blacklist S06E16 HDTV x264-KILLERS[ettv]|The.Blacklist.S06E16.HDTV.x264-KILLERS[ettv] torrent|Series|The Blacklist||"KILLERS|ettv"|6|16|||"HDTV|x264"|||||||||||
The Blacklist S06E15 HDTV x264-KILLERS[ettv]|The.Blacklist.S06E15.HDTV.x264-KILLERS[ettv] torrent|Series|The Blacklist||"KILLERS|ettv"|6|15|||"HDTV|x264"|||||||||||
The Blacklist S06E18 1080p WEB H264-AMCON[rartv]|The.Blacklist.S06E18.1080p.WEB.H264-AMCON[rartv]|Series|The Blacklist||"AMCON|rartv"|6|18||1080p|"h264|WEBDL"|||||||||||
The Blacklist S06E19 Rassvet 1080p AMZN WEBRip DDP5.1 x264-NTb[rartv]|The.Blacklist.S06E19.Rassvet.1080p.AMZN.WEBRip.DDP5.1.x264-NTb[rartv]|Series|The Blacklist|Rassvet|"NTb|rartv"|6|19||1080p|"WEBRip|x264"|"DDP|5.1"||||||||||
The Blacklist S06E18 The Brockton College Killer 1080p AMZN WEBRip DDP5.1 x264-NTb[rartv]|The.Blacklist.S06E18.The.Brockton.College.Killer.1080p.AMZN.WEBRip.DDP5.1.x264-NTb[rartv]|Series|The Blacklist|The Brockton College Killer|"NTb|rartv"|6|18||1080p|"WEBRip|x264"|"DDP|5.1"||||||||||
The Boondocks S03E06 UNCENSORED 720p WEB x264-THUGNiFiC iNT|The Boondocks S03E06 UNCENSORED 720p WEB x264-THUGNiFiC iNT|Series|The Boondocks||THUGNiFiC iNT|3|6||720p|"WEBDL|x264"|||||||||||
The Boondocks S03E05 Stinkmeaner 3 The Hateocracy HDTV XviD-FQM|The Boondocks S03E05 Stinkmeaner 3 The Hateocracy HDTV XviD-FQM|Series|The Boondocks|Stinkmeaner 3 The Hateocracy|"XviD|FQM"|3|5|||HDTV|||||||||||
The Boondocks S04E10 720p HDTV X264-DIMENSION[rartv]|The Boondocks S04E10 720p HDTV X264-DIMENSION[rartv]|Series|The Boondocks||"DIMENSION|rartv"|4|10||720p|"HDTV|x264"|||||||||||
The Boondocks S04E03 Breaking Granddad 1080p WEB-DL DD5.1 H 264-NTb [PublicHD]|The.Boondocks.S04E03.Breaking.Granddad.1080p.WEB-DL.DD5.1.H.264-NTb [PublicHD]|Series|The Boondocks|Breaking Granddad|"NTb|PublicHD"|4|3||1080p|"WEBDL|h264"|"DD|5.1"||||||||||
The Boondocks S04E01 Pretty Boy Flizzy 1080p WEB-DL DD5.1 AAC2.0 H 264-iT00NZ [PublicHD]|The.Boondocks.S04E01.Pretty.Boy.Flizzy.1080p.WEB-DL.DD5.1.AAC2.0.H.264-iT00NZ [PublicHD]|Series|The Boondocks|Pretty Boy Flizzy|"iT00NZ|PublicHD"|4|1||1080p|"WEBDL|h264"|"DD|5.1"|AAC2|||||||||
The Boondocks S04E05 Freedom Ride or Die 720p WEB-DL DD5.1 H 264-NTb [PublicHD]|The.Boondocks.S04E05.Freedom.Ride.or.Die.720p.WEB-DL.DD5.1.H.264-NTb [PublicHD]|Series|The Boondocks|Freedom Ride or Die|"NTb|PublicHD"|4|5||720p|"WEBDL|h264"|"DD|5.1"||||||||||
The Boondocks S04E08 I Dream of Siri 720p WEB-DL DD5 1 H 264-NTb [SneaKyTPB]|The Boondocks S04E08 I Dream of Siri 720p WEB-DL DD5 1 H 264-NTb [SneaKyTPB]|Series|The Boondocks|I Dream of Siri|"NTb|SneaKyTPB"|4|8||720p|"WEBDL|h264"|"DD|5"||||||||||
The Boondocks S04E02 Good Times 720p WEB-DL DD5.1 H 264-NTb [PublicHD]|The.Boondocks.S04E02.Good.Times.720p.WEB-DL.DD5.1.H.264-NTb [PublicHD]|Series|The Boondocks|Good Times|"NTb|PublicHD"|4|2||720p|"WEBDL|h264"|"DD|5.1"||||||||||
The Boondocks S04E07 UNCENSORED 720p HDTV X264-DIMENSION[rartv]|The.Boondocks.S04E07.UNCENSORED.720p.HDTV.X264-DIMENSION[rartv]|Series|The Boondocks||"DIMENSION|rartv"|4|7||720p|"HDTV|x264"|||||||||||
The Boondocks S04E09 Stinkmeaner Begun the Clone War Has 1080p WEB-DL DD5.1 H 264-NTb[rartv]|The.Boondocks.S04E09.Stinkmeaner.Begun.the.Clone.War.Has.1080p.WEB-DL.DD5.1.H.264-NTb[rartv]|Series|The Boondocks|Stinkmeaner Begun the Clone War Has|"NTb|rartv"|4|9||1080p|"WEBDL|h264"|"DD|5.1"||||||||||
The Boondocks S04E06 Granddad Dates a Kardashian 720p WEB-DL DD5 1 H 264-NTb [SneaKyTPB]|The Boondocks S04E06 Granddad Dates a Kardashian 720p WEB-DL DD5 1 H 264-NTb [SneaKyTPB]|Series|The Boondocks|Granddad Dates a Kardashian|"NTb|SneaKyTPB"|4|6||720p|"WEBDL|h264"|"DD|5.1"||||||||||
The Boondocks S04E10 The New Black 1080p WEB-DL DD5 1 H 264-NTb [SneaKyTPB]|The Boondocks S04E10 The New Black 1080p WEB-DL DD5 1 H 264-NTb [SneaKyTPB]|Series|The Boondocks|The New Black|"NTb|SneaKyTPB"|4|10||1080p|"WEBDL|h264"|"DD|5.1"||||||||||
Six Feet Under S01 1080p AMZN WEBRip DDP2.0 x265-SiGMA[rartv]|Six.Feet.Under.S01.1080p.AMZN.WEBRip.DDP2.0.x265-SiGMA[rartv]|Series|Six Feet Under||"SiGMA|rartv"|1||1|1080p|"WEBRip|x265"|"DDP|2.0"||||||||||
Six Feet Under Season 5 S05 720p WEB-DL x265-HETeam|Six.Feet.Under.Season.5.S05.720p.WEB-DL.x265-HETeam torrent|Series|Six Feet Under||HETeam|5||1|720p|"WEBDL|x265"|||||||||||
Six Feet Under S05E10 1080p WEB H264-STRiFE[rartv]|Six.Feet.Under.S05E10.1080p.WEB.H264-STRiFE[rartv]|Series|Six Feet Under||"STRiFE|rartv"|5|10||1080p|"WEBDL|h264"|||||||||||
Six Feet Under S05E06 1080p WEB H264-STRiFE[rartv]|Six.Feet.Under.S05E06.1080p.WEB.H264-STRiFE[rartv]|Series|Six Feet Under||"STRiFE|rartv"|6|10||1080p|"WEBDL|h264"|||||||||||
Six Feet Under S04 1080p AMZN WEBRip DDP5.1 x265-SiGMA|Six.Feet.Under.S04.1080p.AMZN.WEBRip.DDP5.1.x265-SiGMA|Series|Six Feet Under||SiGMA|4||1|1080p|"WEBRip|x265"|"DDP|5.1"||||||||||
The Simpsons S30E17 720p WEB x264-TBS[ettv]|The.Simpsons.S30E17.720p.WEB.x264-TBS[ettv] torrent|Series|The Simpsons||"TBS|ettv"|3|17||720p|"WEBDL|x264"|||||||||||
The Simpsons S30E16 720p WEB x264-TBS[ettv]|The.Simpsons.S30E16.720p.WEB.x264-TBS[ettv] torrent|Series|The Simpsons||"TBS|ettv"|3|16||720p|"WEBDL|x264"|||||||||||
The Simpsons S30E21 Doh Canada 1080p AMZN WEBRip DDP5 1 x264-CtrlHD[rarbg]|The Simpsons S30E21 Doh Canada 1080p AMZN WEBRip DDP5 1 x264-CtrlHD[rarbg]|Series|The Simpsons|Doh Canada|"CtrlHD|rarbg"|3|21||1080p|"WEBRip|x264"|"DDP|5.1"||||||||||
THE SIMPSONS Season 28 (2016) COMPLETE HD 1080p [BipolarBob]|THE SIMPSONS Season 28 (2016) COMPLETE HD 1080p [BipolarBob]|Series|The Simpsons||BipolarBob|28||1|1080p||||||||2016||||
The Simpsons S30E20 Im Just a Girl Who Cant Say Doh 1080p AMZN WEBRip DDP5 1 x26..|The Simpsons S30E20 Im Just a Girl Who Cant Say Doh 1080p AMZN WEBRip DDP5 1 x26..|Series|The Simpsons|Im Just a Girl Who Cant Say Doh||3|20||1080p|"WEBRip|x264"|"DDP|5.1"||||||||||
The Simpsons (1989) - S30E18 (1080p WEB-DL x265 HEVC 10bit AAC 2.0 ImE) [QxR]|The Simpsons (1989) - S30E18 (1080p WEB-DL x265 HEVC 10bit AAC 2.0 ImE) [QxR] torrent|Series|The Simpsons||QxR|3|18||1080p|"WEBDL|x265|HEVC|10bit"||AAC2|||||1989||||
The Simpsons (1989) - S30E20 (1080p WEB-DL x265 HEVC 10bit AAC 2.0 ImE) [QxR]|The Simpsons (1989) - S30E20 (1080p WEB-DL x265 HEVC 10bit AAC 2.0 ImE) [QxR] torrent|Series|The Simpsons||QxR|3|20||1080p|"WEBDL|x265|HEVC|10bit"||AAC2|||||1989||||
The Simpsons S30E14 The Clown Stays in the Picture 720p AMZN WEB-DL DD+5 1 H 264-CtrlHD [eztv]|The Simpsons S30E14 The Clown Stays in the Picture 720p AMZN WEB-DL DD+5 1 H 264-CtrlHD [eztv]|Series|The Simpsons|The Clown Stays in the Picture|"CtrlHD|eztv"|3|14||720p|"WEBDL|h264"|"DDP|5.1"||||||||||
The Simpsons S30E17 E My Sports 720p AMZN WEB-DL DD+5 1 H 264-CtrlHD [eztv]|The Simpsons S30E17 E My Sports 720p AMZN WEB-DL DD+5 1 H 264-CtrlHD [eztv]|Series|The Simpsons|E My Sports|"CtrlHD|eztv"|3|17||720p|"WEBDL|h264"|"DDP|5.1"||||||||||
The Simpsons S30E15 101 Mitigations 720p AMZN WEB-DL DD+5 1 H 264-CtrlHD [eztv]|The Simpsons S30E15 101 Mitigations 720p AMZN WEB-DL DD+5 1 H 264-CtrlHD [eztv]|Series|The Simpsons|Mitigations|"CtrlHD|eztv"|3|15||720p|"WEBDL|h264"|"DDP|5.1"||||||||||
SpongeBob.SquarePants Seasons 1-7 + Movies|SpongeBob.SquarePants Seasons 1-7 + Movies|Series|SpongeBob Squarepants|||1-7|||||||||||||||
[HorribleSubs] Tate no Yuusha no Nariagari - 17 [1080p].mkv|[HorribleSubs] Tate no Yuusha no Nariagari - 17 [1080p].mkv|Series|Tate no Yuusha no Nariagari||HorribleSubs||17||1080p||||||||||mkv||
[HorribleSubs] Sewayaki Kitsune no Senko-san - 04 [1080p].mkv|[HorribleSubs] Sewayaki Kitsune no Senko-san - 04 [1080p].mkv|Series|Sewayaki Kitsune no Senko-san||HorribleSubs||4||1080p||||||||||mkv||
[HorribleSubs] Kenja no Mago - 04 [1080p].mkv|[HorribleSubs] Kenja no Mago - 04 [1080p].mkv|Series|Kenja no Mago||HorribleSubs||4||1080p||||||||||mkv||
[HorribleSubs] Tate no Yuusha no Nariagari - 17 [720p].mkv|[HorribleSubs] Tate no Yuusha no Nariagari - 17 [720p].mkv|Series|Tate no Yuusha no Nariagari||HorribleSubs||17||720p||||||||||mkv||
Greys Anatomy S15E23 720p HDTV x264-KILLERS[rartv]|Greys.Anatomy.S15E23.720p.HDTV.x264-KILLERS[rartv]|Series|Greys Anatomy||"KILLERS|rartv"|15|23||720p|"HDTV|x264"|||||||||||
[Cleo] Magic Knight Rayearth II [N][Dual Audio 10bit BD1080p][HEVC-x265]|[Cleo] Magic Knight Rayearth II [N][Dual Audio 10bit BD1080p][HEVC-x265]|Series|Magic Knight Rayearth II||Cleo||||1080p|"BD|10bit|HEVC|x265"|Dual Audio||||||||||
[HorribleSubs] Sewayaki Kitsune no Senko-san - 04 [720p].mkv|[HorribleSubs] Sewayaki Kitsune no Senko-san - 04 [720p].mkv|Series|Sewayaki Kitsune no Senko-san||HorribleSubs||4||720p||||||||||mkv||
[Cleo] Magic Knight Rayearth [N][Dual Audio 10bit BD1080p][HEVC-x265]|[Cleo] Magic Knight Rayearth [N][Dual Audio 10bit BD1080p][HEVC-x265]|Series|Magic Knight Rayearth||Cleo||||1080p|"BD|10bit|HEVC|x265"|Dual Audio||||||||||
SEAL Team S02E20 720p HDTV x264-KILLERS[rartv]|SEAL.Team.S02E20.720p.HDTV.x264-KILLERS[rartv]|Series|SEAL Team||"KILLERS|rartv"|2|20||720p|"HDTV|x264"|||||||||||
Riverdale US S03E20 720p HDTV x264-SVA[rartv]|Riverdale.US.S03E20.720p.HDTV.x264-SVA[rartv]|Series|Riverdale US||"SVA|rartv"|3|20||720p|"HDTV|x264"|||||||||||
[HorribleSubs] Kenja no Mago - 04 [720p].mkv|[HorribleSubs] Kenja no Mago - 04 [720p].mkv|Series|Kenja no Mago||HorribleSubs||4||720p||||||||||mkv||
[neko-raws] Tate no Yuusha no Nariagari (Vol.1) [BD][1080p][FLAC]|[neko-raws] Tate no Yuusha no Nariagari (Vol.1) [BD][1080p][FLAC]|Series|Tate no Yuusha no Nariagari||neko-raws|1|||1080p|BD||FLAC|||||||||
Empire 2015 S05E17 1080p WEB x264-TBS[rartv]|Empire.2015.S05E17.1080p.WEB.x264-TBS[rartv]|Series|Empire||"TBS|rartv"|5|17||1080p|"WEBDL|x264"|||||||2015||||
The Goldbergs 2013 S06E22 720p HDTV x264-AVS[rartv]|The.Goldbergs.2013.S06E22.720p.HDTV.x264-AVS[rartv]|Series|The Goldbergs||"AVS|rartv"|6|22||720p|"HDTV|x264"|||||||2013||||
[GrandLotus] (Sharpened) Madoka Magica TV+Movies [BD 1080p Hi10 FLAC]|[GrandLotus] (Sharpened) Madoka Magica TV+Movies [BD 1080p Hi10 FLAC]|Series|Madoka Magica||GrandLotus||||1080p|"BD|Hi10"||FLAC|||||||||
The Goldbergs 2013 S06E22 720p HDTV x264-AVS[rarbg]|The Goldbergs 2013 S06E22 720p HDTV x264-AVS[rarbg]|Series|The Goldbergs||"AVS|rartv"|6|22||720p|"HDTV|x264"|||||||2013||||
Empire 2015 S05E17 720p WEB x264-TBS[rartv]|Empire.2015.S05E17.720p.WEB.x264-TBS[rartv]|Series|Empire||"TBS|rartv"|5|17||720p|"WEBDL|x264"|||||||2015||||
New Amsterdam 2018 S01E20 Preventable 1080p AMZN WEBRip DDP5.1 x264-NTb[rartv]|New.Amsterdam.2018.S01E20.Preventable.1080p.AMZN.WEBRip.DDP5.1.x264-NTb[rartv]|Series|New Amsterdam|Preventable|"NTb|rartv"|1|20||1080p|"WEBRip|x264"|"DDP|5.1"||||||2018||||
The 100 S06E01 iNTERNAL 1080p WEB X264-AMRAP[rartv]|The.100.S06E01.iNTERNAL.1080p.WEB.X264-AMRAP[rartv]|Series|The 100||"AMRAP|rartv"|6|1||1080p|"WEBDL|x264"|||||||||||
[Erai-raws] Tate no Yuusha no Nariagari - 17 [1080p][Multiple Subtitle].mkv|[Erai-raws] Tate no Yuusha no Nariagari - 17 [1080p][Multiple Subtitle].mkv|Series|Tate no Yuusha no Nariagari||Erai-raws||17|||||||Multi|||||mkv||
SEAL Team S02E20 720p HDTV x264-KILLERS|SEAL Team S02E20 720p HDTV x264-KILLERS|Series|SEAL Team||KILLERS|2|20||720p|"HDTV|x264"|||||||||||
Full Frontal With Samantha Bee S04E09 1080p HULU WEBRip AAC2.0 H264-monkee[rartv]|Full.Frontal.With.Samantha.Bee.S04E09.1080p.HULU.WEBRip.AAC2.0.H264-monkee[rartv]|Series|Full Frontal With Samantha Bee||"monkee|rartv"|4|9||1080p|"WEBRip|h264"||AAC2|||||||||
The 100 S06E01 Sanctum 1080p NF WEBRip DDP5.1 x264-LAZY[rartv]|The.100.S06E01.Sanctum.1080p.NF.WEBRip.DDP5.1.x264-LAZY[rartv]|Series|The 100|Sanctum|"LAZY|rartv"|6|1||1080p|"WEBRip|x264"|"DDP|5.1"||||||||||
Greys Anatomy S15E23 720p HDTV x264-KILLERS[rarbg]|Greys Anatomy S15E23 720p HDTV x264-KILLERS[rarbg]|Series|Greys Anatomy||"KILLERS|rarbg"|15|23||720p|"HDTV|x264"|||||||||||
Greys Anatomy S15E23 HDTV x264-KILLERS[rartv]|Greys.Anatomy.S15E23.HDTV.x264-KILLERS[rartv]|Series|Greys Anatomy||"KILLERS|rarbg"|15|23|||"HDTV|x264"|||||||||||
Pretty Little Liars The Perfectionists S01E07 720p WEB x264-TBS[rartv]|Pretty.Little.Liars.The.Perfectionists.S01E07.720p.WEB.x264-TBS[rartv]|Series|Pretty Little Liars The Perfectionists||"TBS|rartv"|1|7||720p|"WEBDL|x264"|||||||||||
[HorribleSubs] Tate no Yuusha no Nariagari - 17 [480p].mkv|[HorribleSubs] Tate no Yuusha no Nariagari - 17 [480p].mkv|Series|Tate no Yuusha no Nariagari||HorribleSubs||17||480p||||||||||mkv||
SEAL Team S02E20 HDTV x264-KILLERS[rartv]|SEAL.Team.S02E20.HDTV.x264-KILLERS[rartv]|Series|SEAL Team||"KILLERS|rartv"|2|20|||"HDTV|x264"|||||||||||
Modern Family S10E21 720p HDTV x264-KILLERS[rartv]|Modern.Family.S10E21.720p.HDTV.x264-KILLERS[rartv]|Series|Modern Family||"KILLERS|rartv"|10|21||720p|"HDTV|x264"|||||||||||
Paw Patrol S06E09E10 1080p NICK WEBRip AAC2.0 x264-LAZY[rartv]|Paw.Patrol.S06E09E10.1080p.NICK.WEBRip.AAC2.0.x264-LAZY[rartv]|Series|Paw Patrol||"LAZY|rartv"|6|9-10||1080p|"WEBRip|x264"||AAC2|||||||||
[Mizurex33] Quanzhi Fashi (Versatile Mage / Full-Time Magister)|[Mizurex33] Quanzhi Fashi (Versatile Mage / Full-Time Magister)|Series|"Quanzhi Fashi|Versatile Mage|Full-Time Magister"||Mizurex33||||||||||||||||
Schooled S01E12 720p HDTV x264-AVS[rartv]|Schooled.S01E12.720p.HDTV.x264-AVS[rartv]|Series|Schooled||"AVS|rartv"|1|12||720p|"HDTV|x264"|||||||||||
Frontline S2019E08 The Last Survivors 1080p PBS WEBRip AAC2.0 H264-BTN[rartv]|Frontline.S2019E08.The.Last.Survivors.1080p.PBS.WEBRip.AAC2.0.H264-BTN[rartv]|Series|Frontline|The Last Survivors|"BTN|rartv"|2019|8||1080p|"WEBRip|h264"||AAC2|||||||||
[HorribleSubs] Yu-Gi-Oh! VRAINS - 100 [1080p].mkv|[HorribleSubs] Yu-Gi-Oh! VRAINS - 100 [1080p].mkv|Series|Yu-Gi-Oh! VRAINS||HorribleSubs||100||1080p||||||||||mkv||
The Boy Band Con The Lou Pearlman Story 2019 1080p WEBRip x264-LiQUiD[rarbg]|The Boy Band Con The Lou Pearlman Story 2019 1080p WEBRip x264-LiQUiD[rarbg]|Series|The Boy Band Con The Lou Pearlman Story||"LiQUiD|rarbg"||||1080p|"WEBRip|x264"|||||||2019||||
Star S03E17 1080p WEB x264-TBS[rartv]|Star.S03E17.1080p.WEB.x264-TBS[rartv]|Series|Star||"TBS|rartv"|3|17||1080p|"WEBDL|x264"|||||||||||
Empire 2015 S05E17 WEB x264-TBS[rartv]|Empire.2015.S05E17.WEB.x264-TBS[rartv]|Series|Empire|||5|17|||"WEBDL|x264"|||||||2015||||
[HorribleSubs] Kenja no Mago - 04 [480p].mkv|[HorribleSubs] Kenja no Mago - 04 [480p].mkv|Series|Kenja no Mago||HorribleSubs||4||480p||||||||||mkv||
Riverdale US S03E20 HDTV x264-SVA[rartv]|Riverdale.US.S03E20.HDTV.x264-SVA[rartv]|Series|Riverdale US||"SVA|rartv"|3|20|||"HDTV|x264"|||||||||||
Greys Anatomy S15E23 HDTV x264-KILLERS|Greys Anatomy S15E23 HDTV x264-KILLERS|Series|Greys Anatomy||KILLERS|15|23|||"HDTV|x264"|||||||||||
Deadliest Catch S15E04 Single Point of Failure 1080p AMZN WEBRip DDP2.0 x264-NTb[rartv]|Deadliest.Catch.S15E04.Single.Point.of.Failure.1080p.AMZN.WEBRip.DDP2.0.x264-NTb[rartv]|Series|Deadliest Catch|Single Point of Failure|"NTb|rartv"|15|4||1080p|"WEBRip|x264"|"DDP|2.0"||||||||||
[Golumpa] Mob Psycho 100 - OVA [English Dub] [FuniDub 1080p x264 AAC] [MKV] [636BE9FC]|[Golumpa] Mob Psycho 100 - OVA [English Dub] [FuniDub 1080p x264 AAC] [MKV] [636BE9FC]|Series|Mob Psycho 100||Golumpa||OVA||1080p|x264|dub|AAC|eng||||||mkv|636BE9FC|
Big Brother Canada S07E25 720p HDTV x264-aAF[rartv]|Big.Brother.Canada.S07E25.720p.HDTV.x264-aAF[rartv]|Series|Big Brother Canada||"aAF|rartv"|7|25||720p|"HDTV|x264"|||||||||||
Greys Anatomy S15E23 HDTV x264-KILLERS[rarbg]|Greys Anatomy S15E23 HDTV x264-KILLERS[rarbg]|Series|Greys Anatomy||"KILLERS|rarbg"|15|23|||"HDTV|x264"|||||||||||
Empire 2015 S05E17 720p WEB x264-TBS|Empire 2015 S05E17 720p WEB x264-TBS|Series|Empire||TBS|5|17||720p|"WEBDL|x264"|||||||2015||||
The Goldbergs 2013 S06E22 720p HDTV x264-AVS|The Goldbergs 2013 S06E22 720p HDTV x264-AVS|Series|The Goldbergs||AVS|6|22||720p|"HDTV|x264"|||||||2013||||
Star Wars Episode VI Return of the Jedi (1983) x 800 (1080p) 5.1 - 2.0 x264 Phun Psyz|Star Wars Episode VI Return of the Jedi (1983) x 800 (1080p) 5.1 - 2.0 x264 Phun Psyz torrent|Movie|Star Wars Episode VI Return of the Jedi||Phun Psyz||||1080p|x264|2.0||||||1983||||
Outlander (2008) 720p BRRip x264 Dual Audio [Hindi - English] ESub [Team DRSD]|Outlander (2008) 720p BRRip x264 Dual Audio [Hindi - English] ESub [Team DRSD] torrent|Movie|Outlander||Team DRSD|||||"BRRip|x264"|Dual Audio||"hin|eng"|ESub|||2008||||
The Centerfold Girls 1974 1080p BluRay x264-SADPANDA|The.Centerfold.Girls.1974.1080p.BluRay.x264-SADPANDA|Movie|The Centerfold Girls||SADPANDA||||1080p|"BD|x264"|||||||1974||||
Aparajito 1956 UHD 2160p SDR HEVC DTS-HDMA 1.0-DDR|Aparajito 1956.UHD.2160p.SDR.HEVC.DTS-HDMA.1.0-DDR torrent|Movie|Aparajito||DDR||||2160p|"HEVC|SDR"|DTS-HDMA||||||1956||||
The Boy Band Con The Lou Pearlman Story 2019 1080p WEBRip x264-LiQUiD|The.Boy.Band.Con.The.Lou.Pearlman.Story.2019.1080p.WEBRip.x264-LiQUiD|Movie|The Boy Band Con The Lou Pearlman Story||LiQUiD||||1080p|WEBRip}x264|||||||2019||||
Apur Sansar 1959 UHD 2160p SDR HEVC DTS-HDMA 1.0-DDR|Apur Sansar 1959.UHD.2160p.SDR.HEVC.DTS-HDMA.1.0-DDR torrent|Movie|Apur Sansar ||DDR||||2160p|"HEVC|SDR"|DTS-HDMA||||||1959||||
Wild Thing 1987 1080p BluRay x264 DTS-FGT|Wild.Thing.1987.1080p.BluRay.x264.DTS-FGT|Movie|Wild Thing||FGT||||1080p|"BD|x264"|DTS||||||1987||||
Kavalai Vendam (2016) 720p UNCUT HDRip x264 Eng Subs [Dual Audio] [Hindi DD 2.0 - Tamil 5.1] Exclusive By -=!Dr STAR!=-|Kavalai Vendam (2016) 720p UNCUT HDRip x264 Eng Subs [Dual Audio] [Hindi DD 2.0 - Tamil 5.1] Exclusive By -=!Dr.STAR!=- torrent|Movie|Kavalai Vendam||-=!Dr STAR!=-||||720p|"HDRip|x264|Uncut"|"Dual Audio|DD|2.0|5.1"|||eng|||2016||||
Paradox 2010 1080p BluRay x264 DTS-FGT|Paradox.2010.1080p.BluRay.x264.DTS-FGT|Movie|Paradox||FGT||||1080p|"BD|x264"|DTS||||||2010||||
The War Between Men and Women 1972 1080p BluRay x264-SADPANDA|The.War.Between.Men.and.Women.1972.1080p.BluRay.x264-SADPANDA|Movie|The War Between Men and Women||SADPANDA||||1080p|"BD|x264"|||||||1972||||
Haider (2014) Hindi 720p BRRip x264 AC3 5.1 [Team DRSD]|Haider (2014) Hindi 720p BRRip x264 AC3 5.1 [Team DRSD] torrent|Movie|Haider||Team DRSD||||720p|"BD|x264"|5.1|AC3|||||2014||||
Captain Marvel (2019) Dual Audio [Hindi-Eng] 720p x264 HDTC|Captain Marvel (2019) Dual Audio [Hindi-Eng] 720p x264 HDTC|Movie|Captain Marvel||||||720p|"HDTC|x264"|Dual Audio||"hin|eng"||||2019||||
Kapurush aka The Coward 1965 Blu-ray 1080p HEVC LPCM 2.0-DDR|Kapurush aka The Coward 1965.Blu-ray.1080p.HEVC..LPCM.2.0-DDR torrent|Movie|Kapurush aka The Coward||DDR||||1080p|"BD|HEVC"|2.0|LPCM|||||1965||||
Viking Legacy 2016 1080p BluRay x264-RUSTED|Viking.Legacy.2016.1080p.BluRay.x264-RUSTED|Movie|Viking Legacy||RUSTED||||1080p|"BD|x264"|||||||2016||||
The Boy Who Cried Werewolf 1973 1080p BluRay x264 DTS-FGT|The.Boy.Who.Cried.Werewolf.1973.1080p.BluRay.x264.DTS-FGT|Movie|The Boy Who Cried Werewolf||FGT||||1080p|"BD|x264"|DTS||||||1973||||
The Secret of Kells 2009 LIMITED 1080p BluRay x264-AMIABLE|The.Secret.of.Kells.2009.LIMITED.1080p.BluRay.x264-AMIABLE|Movie|The Secret of Kells||AMIABLE||||1080p|"BD|x264"|||||||2009||||
The Reluctant Astronaut 1967 1080p BluRay H264 AAC-RARBG|The.Reluctant.Astronaut.1967.1080p.BluRay.H264.AAC-RARBG|Movie|The Reluctant Astronaut||RARBG||||1080p|"BD|h264"||AAC|||||1967||||
The Crossword Mysteries A Puzzle to Die For 2019 1080p HDTV x264-W4F|The.Crossword.Mysteries.A.Puzzle.to.Die.For.2019.1080p.HDTV.x264-W4F|Movie|The Crossword Mysteries A Puzzle to Die For||W4F||||1080p|"HDTV|x264"|||||||2019||||
Bloodsucking Pharaohs in Pittsburgh 1991 1080p BluRay x264-MELiTE|Bloodsucking.Pharaohs.in.Pittsburgh.1991.1080p.BluRay.x264-MELiTE|Movie|Bloodsucking Pharaohs in Pittsburgh||MELiTE||||1080p|"BD|x264"|||||||1991||||
The Midnight Swim 2014 1080p BluRay x264-VALUE|The.Midnight.Swim.2014.1080p.BluRay.x264-VALUE|Movie|The Midnight Swim||VALUE||||1080p|"BD|x264"|||||||2014||||
The Boy Band Con The Lou Pearlman Story 2019 720p WEBRip x264-LiQUiD|The.Boy.Band.Con.The.Lou.Pearlman.Story.2019.720p.WEBRip.x264-LiQUiD|Movie|The Boy Band Con The Lou Pearlman Story||LiQUiD||||720p|"WEBRip|x264"|||||||2019||||
The Internecine Project 1974 1080p BluRay H264 AAC-RARBG|The.Internecine.Project.1974.1080p.BluRay.H264.AAC-RARBG|Movie|The Internecine Project||RARBG||||1080p|"BD|h264"||AAC|||||1974||||
N Y C Underground 2013 1080p BluRay x264-iFPD|N.Y.C.Underground.2013.1080p.BluRay.x264-iFPD|Movie|N Y C Underground||iFPD||||1080p|"BD|x264"|||||||2013||||
Aparajito 1956 Blu-ray 1080p HEVC DTS-HDMA 1.0-DDR|Aparajito 1956.Blu-ray.1080p.HEVC.DTS-HDMA.1.0-DDR torrent|Movie|Aparajito||DDR||||1080p|HEVC|DTS-HDMA||||||1956||||
The Servant 2010 KOREAN 1080p BluRay H264 AAC-VXT|The.Servant.2010.KOREAN.1080p.BluRay.H264.AAC-VXT|Movie|The Servant||VXT||||1080p|H264||AAC|kor||||2010||||
Black Hawk Down 2001 EXTENDED 2160p BluRay x264 8bit SDR DTS-HD MA TrueHD 7.1 Atmos-SWTYBLZ|Black.Hawk.Down.2001.EXTENDED.2160p.BluRay.x264.8bit.SDR.DTS-HD.MA.TrueHD.7.1.Atmos-SWTYBLZ|Movie|Black Hawk Down||SWTYBLZ||||2160p|"Extended|BD|x264|SDR|8bit"|"DTS-HDMA|TrueHD|7.1|Atmos"||||||2001||||
Knock Down the House (2019) 720p Web-DL x264 [Dual-Audio][Hindi 5.1 - English 5.1] ESubs - Downloadhub|Knock Down the House (2019) 720p Web-DL x264 [Dual-Audio][Hindi 5.1 - English 5.1] ESubs - Downloadhub torrent|Movie|Knock Down the House||Downloadhub||||720p|"WEBDL|x264"|5.1||"hin|eng"|ESubs|||2019||||
The Fast and the Fierce 2017 1080p BluRay H264 AAC-RARBG|The.Fast.and.the.Fierce.2017.1080p.BluRay.H264.AAC-RARBG|Movie|The Fast and the Fierce||RARBG||||1080p|"BD|h264"||AAC|||||2017||||
Jock the Hero Dog 2011 1080p BluRay x264 DTS-FGT|Jock.the.Hero.Dog.2011.1080p.BluRay.x264.DTS-FGT|Movie|Jock the Hero Dog||FGT||||1080p|"BD|x264"|DTS||||||2011||||
Shootfighter 2 1996 1080p BluRay x264 DTS-FGT|Shootfighter.2.1996.1080p.BluRay.x264.DTS-FGT|Movie|Shootfighter 2||FGT||||1080p|"BD|x264"|||||||1996||||
Becky Sharp 1935 1080p BluRay H264 AAC-RARBG|Becky.Sharp.1935.1080p.BluRay.H264.AAC-RARBG|Movie|Becky Sharp||RARBG||||1080p|"BD|h264"||AAC|||||1935||||
The Centerfold Girls 1974 1080p BluRay H264 AAC-RARBG|The.Centerfold.Girls.1974.1080p.BluRay.H264.AAC-RARBG|Movie|The Centerfold Girls||RARBG||||1080p|"BD|h264"||AAC|||||1974||||
The Poppy Is Also a Flower 1966 1080p BluRay H264 AAC-RARBG|The.Poppy.Is.Also.a.Flower.1966.1080p.BluRay.H264.AAC-RARBG|Movie|The Poppy Is Also a Flower||RARBG||||1080p|"BD|h264"||AAC|||||1966||||
Fight Valley 2016 1080p BluRay x264-JustWatch|Fight.Valley.2016.1080p.BluRay.x264-JustWatch|Movie|Fight Valley||JustWatch||||1080p|"BD|x264"|||||||2016||||
Off Piste 2016 1080p BluRay x264-SADPANDA|Off.Piste.2016.1080p.BluRay.x264-SADPANDA|Movie|Off Piste||SADPANDA||||1080p|"BD|x264"|||||||2016||||
The Centerfold Girls 1974 720p BluRay H264 AAC-RARBG|The.Centerfold.Girls.1974.720p.BluRay.H264.AAC-RARBG|Movie|The Centerfold Girls||RARBG||||720p|"BD|h264"||AAC|||||1974||||
Jock the Hero Dog 2011 1080p BluRay H264 AAC-RARBG|Jock.the.Hero.Dog.2011.1080p.BluRay.H264.AAC-RARBG|Movie|Jock the Hero Dog||RARBG||||1080p|"BD|h264"||AAC|||||2011||||
Happy Hell Night 1992 1080p BluRay H264 AAC-RARBG|Happy.Hell.Night.1992.1080p.BluRay.H264.AAC-RARBG|Movie|Happy Hell Night||RARBG||||1080p|"BD|h264"||AAC|||||1992||||
Night Claws 2012 1080p BluRay H264 AAC-RARBG|Night.Claws.2012.1080p.BluRay.H264.AAC-RARBG|Movie|Night Claws||RARBG||||1080p|"BD|h264"||AAC|||||2012||||
Bobbie Jo and the Outlaw 1976 1080p BluRay x264 DTS-FGT|Bobbie.Jo.and.the.Outlaw.1976.1080p.BluRay.x264.DTS-FGT|Movie|Bobbie Jo and the Outlaw||FGT||||1080p|"BD|x264"|DTS||||||1976||||
Countdown Armageddon 2009 1080p BluRay x264-SEMTEX|Countdown.Armageddon.2009.1080p.BluRay.x264-SEMTEX|Movie|Countdown Armageddon||SEMTEX||||1080p|"BD|x264"|||||||2009||||
Ruben Guthrie 2015 1080p BluRay x264-PFa|Ruben.Guthrie.2015.1080p.BluRay.x264-PFa|Movie|Ruben Guthrie||PFa||||1080p|"BD|x264"|||||||2015||||
Ravens Touch 2015 1080p BluRay x264-MELiTE|Ravens.Touch.2015.1080p.BluRay.x264-MELiTE|Movie|Ravens Touch||MELiTE||||1080p|"BD|x264"|||||||2015||||
Modern Family S10E21 720p HDTV x264-KILLERS[rarbg]|Modern Family S10E21 720p HDTV x264-KILLERS[rarbg]|Series|Modern Family||"KILLERS|rarbg"|10|21||720p|"HDTV|x264"|||||||||||
Star Wars Episode VI Return of the Jedi (1983) x 800 (1080p) 5.1 - 2.0 x264 Phun Psyz|Star Wars Episode VI Return of the Jedi (1983) x 800 (1080p) 5.1 - 2.0 x264 Phun Psyz torrent|Movie|Star Wars Episode VI Return of the Jedi||Phun Psyz||||1080p|"x264|x800"|5.1-2.0||||||1983||||
Waterworld 1995 The Ulysses Cut 1080p BluRay x265 10bit 5,1ch(xxxpav69)|Waterworld.1995.The.Ulysses.Cut.1080p.BluRay.x265.10bit.5,1ch(xxxpav69) torrent|Movie|Waterworld The Ulysses Cut||xxxpav69||||1080p|"BD|x265|10 bit"|5.1||||||1995||||
Outlander (2008) 720p BRRip x264 Dual Audio [Hindi - English] ESub [Team DRSD]|Outlander (2008) 720p BRRip x264 Dual Audio [Hindi - English] ESub [Team DRSD] torrent|Movie|Outlander||Team DRSD||||720p|"BRRip|x264"|Dual Audio||"eng|hin"|eng|||2008||||
Heartbreak Ridge - Gunny AC3.1 0 ITA 5.1 ENG 1080p H265 sub ita eng (1986) Sp33dy94 MIRCrew|Heartbreak Ridge - Gunny AC3 1.0 ITA 5.1 ENG 1080p H265 sub ita.eng (1986) Sp33dy94 MIRCrew torrent|Movie|Heartbreak Ridge||"Sp33dy94|MIRcrew"||||1080p|h265|5.1||"eng|ita"|"eng|ita"|||1986||||
Khauff 2000 Hindi 1080p WeB DL H264 AAC 2.0 Dus IcTv (bwtorrents bwt)|Khauff.2000.Hindi.1080p.WeB.DL.H264.AAC.2.0.Dus.IcTv (bwtorrents.bwt) torrent|Movie|Khauff||"bwtorrents|bwt"||||1080p|"WEBDL|h264"||AAC|hin||||2000||||
The Centerfold Girls 1974 1080p BluRay x264-SADPANDA|The.Centerfold.Girls.1974.1080p.BluRay.x264-SADPANDA|Movie|The Centerfold Girls||SADPANDA||||1080p|"BD|x264"|||||||1974||||
Aparajito 1956 UHD 2160p SDR HEVC DTS-HDMA 1.0-DDR|Aparajito 1956.UHD.2160p.SDR.HEVC.DTS-HDMA.1.0-DDR torrent|Movie|Aparajito||DDR||||2160p|"UHD|HEVC"|DTS-HDMA||||||1956||||
The Boy Band Con The Lou Pearlman Story 2019 1080p WEBRip x264-LiQUiD|The.Boy.Band.Con.The.Lou.Pearlman.Story.2019.1080p.WEBRip.x264-LiQUiD|Movie|The Boy Band Con The Lou Pearlman Story||LiQUiD||||1080p|"WEBRip|x264"|||||||2019||||
Apur Sansar 1959 UHD 2160p SDR HEVC DTS-HDMA 1.0-DDR|Apur Sansar 1959.UHD.2160p.SDR.HEVC.DTS-HDMA.1.0-DDR torrent|Movie|Apur Sansar||DDR||||2160p|"UHD|HEVC"|DTS-HDMA||||||1959||||
Take My Brother Away S01 CHINESE 1080p NF WEBRip DDP2 0 x264-NTb[rartv]|Take My Brother Away S01 CHINESE 1080p NF WEBRip DDP2 0 x264-NTb[rartv]|Series|Take My Brother Away||"NTb|rartv"|1|||1080p|"WEBRip|x264"|||chi||||||||
Knock Down the House 2019 NF WebDL Multi Audio 1080p AVC DDp 5.1 ESub - mkvCinemas [Telly]|Knock Down the House 2019 NF WebDL Multi Audio 1080p AVC DDp 5.1 ESub - mkvCinemas [Telly] torrent|Movie|Knock Down the House||"mkvCinemas|Telly"||||1080p|"WEBDL|AVC"|Multi Audio|||eng|||2019||||
Wild Thing 1987 1080p BluRay x264 DTS-FGT|Wild.Thing.1987.1080p.BluRay.x264.DTS-FGT|Movie|Wild Thing||FGT||||1080p|"BD|x264"|DTS||||||1987||||
Kavalai Vendam (2016) 720p UNCUT HDRip x264 Eng Subs [Dual Audio] [Hindi DD 2.0 - Tamil 5.1] Exclusive By -=!Dr STAR!=-|Kavalai Vendam (2016) 720p UNCUT HDRip x264 Eng Subs [Dual Audio] [Hindi DD 2.0 - Tamil 5.1] Exclusive By -=!Dr.STAR!=- torrent|Movie|Kavalai Vendam UNCUT||Dr STAR||||720p|"HDRip|x264"|Dual Audio||"hin|tam"|eng|||2016||||
Paradox 2010 1080p BluRay x264 DTS-FGT|Paradox.2010.1080p.BluRay.x264.DTS-FGT|Movie|Paradox||FGT||||1080p|"BD|x264"|DTS||||||2010||||
The War Between Men and Women 1972 1080p BluRay x264-SADPANDA|The.War.Between.Men.and.Women.1972.1080p.BluRay.x264-SADPANDA|Movie|The War Between Men and Women||SADPANDA||||1080p|"BD|x264"|||||||1972||||
Haider (2014) Hindi 720p BRRip x264 AC3 5.1 [Team DRSD]|Haider (2014) Hindi 720p BRRip x264 AC3 5.1 [Team DRSD] torrent|Movie|Haider||Team DRSD||||720p|"BRRip|x264"|||hin||||2014||||
Captain Marvel (2019) Dual Audio [Hindi-Eng] 720p x264 HDTC|Captain Marvel (2019) Dual Audio [Hindi-Eng] 720p x264 HDTC|Movie|Captain Marvel||||||720p|"x264|HDTC"|Dual Audio||"eng|hin"||||2019||||
Brooklyn Nine-Nine Season 5|Brooklyn Nine-Nine Season 5|Series|Brooklyn Nine-Nine|||5||1|||||||||||||
Brooklyn Nine-Nine S06E11 720p HDTV x264-AVS[ettv]|Brooklyn.Nine-Nine.S06E11.720p.HDTV.x264-AVS[ettv] torrent|Series|Brooklyn Nine-Nine||"AVS|ettv"|6|11||720p|"HDTV|x264"|||||||||||
Brooklyn Nine-Nine S06E08 720p HDTV x264-KILLERS[ettv]|Brooklyn.Nine-Nine.S06E08.720p.HDTV.x264-KILLERS[ettv] torrent|Series|Brooklyn Nine-Nine||"KILLERS|ettv"|6|8||720p|"HDTV|x264"|||||||||||
Brooklyn Nine-Nine S06E09 720p HDTV x264-KILLERS[ettv]|Brooklyn.Nine-Nine.S06E09.720p.HDTV.x264-KILLERS[ettv] torrent|Series|Brooklyn Nine-Nine||"KILLERS|ettv"|6|9||720p|"HDTV|x264"|||||||||||
Brooklyn Nine-Nine S06E05 720p HDTV x264-AVS[ettv]|Brooklyn.Nine-Nine.S06E05.720p.HDTV.x264-AVS[ettv] torrent|Series|Brooklyn Nine-Nine||"AVS|ettv"|6|5||720p|"HDTV|x264"|||||||||||
Brooklyn Nine-Nine S06E10 720p HDTV x264-AVS[ettv]|Brooklyn.Nine-Nine.S06E10.720p.HDTV.x264-AVS[ettv] torrent|Series|Brooklyn Nine-Nine||"AVS|ettv"|6|10||720p|"HDTV|x264"|||||||||||
Brooklyn Nine-Nine Season 4 Complete 720p WEB x264-[MULVAcoded]|Brooklyn Nine-Nine Season 4 Complete 720p WEB x264-[MULVAcoded]|Series|Brooklyn Nine-Nine||MULVAcoded|4||1|720p|"x264|WEB"|||||||||||
Brooklyn Nine-Nine S06E14 HDTV x264-SVA[ettv]|Brooklyn.Nine-Nine.S06E14.HDTV.x264-SVA[ettv] torrent|Series|Brooklyn Nine-Nine||"SVA|ettv"|6|14|||"HDTV|x264"|||||||||||
Brooklyn Nine-Nine S06E13 HDTV x264-LucidTV[ettv]|Brooklyn.Nine-Nine.S06E13.HDTV.x264-LucidTV[ettv] torrent|Series|Brooklyn Nine-Nine||"LucidTV|ettv"|6|13|||"HDTV|x264"|||||||||||
Brooklyn Nine-Nine S06E14 720p HDTV x264-AVS[ettv]|Brooklyn.Nine-Nine.S06E14.720p.HDTV.x264-AVS[ettv] torrent|Series|Brooklyn Nine-Nine||"AVS|ettv"|6|14||720p |"HDTV|x264"|||||||||||
Brooklyn Nine-Nine S06E06 720p HDTV x264-AVS[ettv]|Brooklyn.Nine-Nine.S06E06.720p.HDTV.x264-AVS[ettv] torrent|Series|Brooklyn Nine-Nine||"AVS|ettv"|6|6||720p|"HDTV|x264"|||||||||||
Brooklyn Nine Nine Season 3 Complete HD 720p|Brooklyn.Nine.Nine.Season.3.Complete.HD.720p|Series|Brooklyn Nine-Nine||"KILLERS|ettv"|3||1|720p|HD|||||||||||
Brooklyn Nine-Nine S06E07 720p HDTV x264-KILLERS[ettv]|Brooklyn.Nine-Nine.S06E07.720p.HDTV.x264-KILLERS[ettv] torrent|Series|Brooklyn Nine-Nine||"KILLERS|ettv"|6|7||720p|"HDTV|x264"|||||||||||
Brooklyn Nine-Nine S06E09 HDTV x264-KILLERS[ettv]|Brooklyn.Nine-Nine.S06E09.HDTV.x264-KILLERS[ettv] torrent|Series|Brooklyn Nine-Nine||"KILLERS|ettv"|6|9|||"HDTV|x264"|||||||||||
Brooklyn Nine-Nine S06E12 HDTV x264-KILLERS[ettv]|Brooklyn.Nine-Nine.S06E12.HDTV.x264-KILLERS[ettv] torrent|Series|Brooklyn Nine-Nine||"KILLERS|ettv"|6|12|||"HDTV|x264"|||||||||||
Brooklyn Nine-Nine S06E11 The Therapist 1080p AMZN WEBRip DDP5 1 x264-NTb[rarbg]|Brooklyn Nine-Nine S06E11 The Therapist 1080p AMZN WEBRip DDP5 1 x264-NTb[rarbg]|Series|Brooklyn Nine-Nine|The Therapist|"NTb|rarbg"|6|11||1080p|"WEBRip|x264|AMZN"|||||||||||
Brooklyn Nine Nine Season 1 Complete 720p Web Dl Sujaidr|Brooklyn Nine Nine Season 1 Complete 720p.Web.Dl.Sujaidr|Series|Brooklyn Nine Nine||DI Sujaidr|1||1|720p|WEB|||||||||||
Brooklyn Nine-Nine S06E09 The Golden Child 1080p AMZN WEBRip DDP5 1 x264-NTb[rar..|Brooklyn Nine-Nine S06E09 The Golden Child 1080p AMZN WEBRip DDP5 1 x264-NTb[rar..|Series|Brooklyn Nine-Nine|The Golden Child|"NTb|rarbg"|6|9||1080p|"WEBRip|x264|AMZN"|||||||||||
Brooklyn Nine-Nine S06E14 Ticking Clocks 1080p AMZN WEBRip DDP5.1 x264-NTb[rartv]|Brooklyn.Nine-Nine.S06E14.Ticking.Clocks.1080p.AMZN.WEBRip.DDP5.1.x264-NTb[rartv]|Series|Brooklyn Nine-Nine|Ticking Clocks|"NTb|rarbg"|6|14||1080p|"WEBRip|x264|AMZN"|||||||||||
Brooklyn Nine-Nine S06E13 The Bimbo 1080p AMZN WEBRip DDP5 1 x264-NTb[rarbg]|Brooklyn Nine-Nine S06E13 The Bimbo 1080p AMZN WEBRip DDP5 1 x264-NTb[rarbg]|Series|Brooklyn Nine-Nine|The Bimbo|"NTb|rarbg"|6|13||1080p|"WEBRip|x264|AMZN"|||||||||||
Mr. Robot (2015) Season 2 S02 + Extras (1080p BluRay x265 HEVC 10bit AAC 5.1 English+French RCVR) [QxR]|Mr. Robot (2015) Season 2 S02 + Extras (1080p BluRay x265 HEVC 10bit AAC 5.1 English+French RCVR) [QxR] torrent|Series|Mr. Robot||"QxR|RCVR"|2|||1080p|"BD|x265|HEVC|10 bit"||AAC|"eng|fre"||||||||
Mr Robot Season 3 Complete 720p HDTV x264-GHETTO|Mr.Robot.Season.3.Complete.720p.HDTV.x264-GHETTO torrent|Series|Mr Robot||GHETTO|3||1|720p|"HDTV|x264"|||||||||||
Mr. Robot (2015) Season 1 S01 + Extras (1080p BluRay x265 HEVC 10bit AAC 5.1 RCVR) [QxR]|Mr. Robot (2015) Season 1 S01 + Extras (1080p BluRay x265 HEVC 10bit AAC 5.1 RCVR) [QxR] torrent|Series|Mr. Robot||"QxR|RCVR"|1|||1080p|"BD|x265|HEVC|10 bit"|||||||2015||||
Mr Robot S02E00 dec0d3d doc 720p HDTV x264-BATV[rartv]|Mr Robot S02E00 dec0d3d doc 720p HDTV x264-BATV[rartv]|Series|Mr Robot|dec0d3d doc|"BATV|rartv"|2|0||720p|"HDTV|x264"|||||||||||
Mr Robot S03E02 1080p WEB H264-STRiFE[rarbg]|Mr Robot S03E02 1080p WEB H264-STRiFE[rarbg]|Series|Mr Robot||"STRiFE|rarbg"|3|2||1080p|"WEB|h264"|||||||||||
Mr Robot S03 ITA ENG 1080p BDMux x264-Morpheus|Mr.Robot.S03.ITA.ENG.1080p.BDMux.x264-Morpheus|Series|Mr Robot||Morpheus|3|||1080p|x264|||"eng|ita"||||||||
Mr Robot S03E08 1080p WEB H264-STRiFE|Mr Robot S03E08 1080p WEB H264-STRiFE|Series|Mr Robot||STRiFE|3|8||1080p|"WEB|h264"|||||||||||
Mr Robot S03E07 1080p WEB H264-STRiFE[rarbg]|Mr Robot S03E07 1080p WEB H264-STRiFE[rarbg]|Series|Mr Robot||"STRiFE|rarbg"|3|7||1080p|"WEB|h264"|||||||||||
Mr Robot S03E08 eps3 7 dont-delete-me ko 1080p AMZN WEBRip DDP5|Mr Robot S03E08 eps3 7 dont-delete-me ko 1080p AMZN WEBRip DDP5|Series|Mr Robot|eps3 7 dont-delete-me ko||3|8||1080p|"AMZN|WEBRip"|"5|DDP"||||||||||
Mr. Robot (2015) Season 01 S01 (1080p Bluray x265 HEVC 10bit AAC 5.1 Q22 Joy) [UTR]|Mr. Robot (2015) Season 01 S01 (1080p Bluray x265 HEVC 10bit AAC 5.1 Q22 Joy) [UTR] torrent|Series|Mr. Robot||"UTR|Joy"|1|1||1080p|"BD|x265|HEVC|10 bit"|5.1|AAC|||||2015||||
Mr Robot - Season 1 - 720p BluRay - x264 - ShAaNiG|Mr Robot - Season 1 - 720p BluRay - x264 - ShAaNiG|Series|Mr Robot||ShAaNiG|1|||720p|"BD|x264"|||||||||||
Mr Robot S03 1080p BluRay x264-ROVERS[rartv]|Mr.Robot.S03.1080p.BluRay.x264-ROVERS[rartv]|Series|Mr Robot||"ROVERS|rartv"|3|||1080p|"BD|x264"|||||||||||
Mr. Robot (2015) Season 02 S02 (1080p Bluray x265 HEVC 10bit AAC 5.1 Q22 Joy) [UTR]|Mr. Robot (2015) Season 02 S02 (1080p Bluray x265 HEVC 10bit AAC 5.1 Q22 Joy) [UTR] torrent|Series|Mr. Robot||"UTR|Joy"|2|2||1080p|"BD|x265|HEVC|10 bit"|5.1|AAC|||||2015||||
Mr. Robot - Season 1 - 720p BluRay - x264 - ShAaNiG|Mr. Robot - Season 1 - 720p BluRay - x264 - ShAaNiG|Series|Mr. Robot||ShAaNiG|1|||720p|"BD|x264"|||||||||||
Mr Robot S03E09 1080p WEB H264-STRiFE|Mr Robot S03E09 1080p WEB H264-STRiFE|Series|Mr Robot||STRiFE|3|9||1080p|"WEB|h264"|||||||||||
Mr Robot Season 2 Complete 720p WEB-DL EN-SUB x264-[MULVAcoded]|Mr Robot Season 2 Complete 720p WEB-DL EN-SUB x264-[MULVAcoded]|Series|Mr Robot||MULVAcoded|2||1|720p|"x264|WEBDL"||||eng|||||||
Mr Robot S03E10 720p HDTV x264-KILLERS[ettv]|Mr.Robot.S03E10.720p.HDTV.x264-KILLERS[ettv] torrent|Series|Mr Robot||"KILLERS|ettv"|3|10||720p|"HDTV|x264"|||||||||||
Mr. Robot (2015) Season 3 S03 + Extras (1080p BluRay x265 HEVC 10bit AAC 5.1 English+Spanish RCVR) [QxR]|Mr. Robot (2015) Season 3 S03 + Extras (1080p BluRay x265 HEVC 10bit AAC 5.1 English+Spanish RCVR) [QxR] torrent|Series|Mr. Robot||"QxR|RCVR"||||1080p|"BD|x265|HEVC|10 bit"|5.1|AAC|"eng|spa"||||2015||||
Mr Robot S03E07 720p HDTV x264-AVS[ettv]|Mr.Robot.S03E07.720p.HDTV.x264-AVS[ettv] torrent|Series|Mr Robot||"AVS|ettv"|3|7||720p|"HDTV|x264"|||||||||||
Mr Robot S03E06 1080p WEB H264-STRiFE|Mr Robot S03E06 1080p WEB H264-STRiFE|Series|Mr Robot||STRiFE|3|6||1080p|"WEB|h264"|||||||||||
Mr Robot S03E05 eps3 4 runtime-err0r r00 1080p AMZN WEB-DL DDP5 1 H 264-NTb|Mr Robot S03E05 eps3 4 runtime-err0r r00 1080p AMZN WEB-DL DDP5 1 H 264-NTb|Series|Mr Robot|eps3 4 runtime-err0r r00|NTb|3|5||1080p|"AMZN|h264|WEBDL"|"5.1|DDP"||||||||||
Mr Robot S03E08 720p HDTV x264-AVS[ettv]|Mr.Robot.S03E08.720p.HDTV.x264-AVS[ettv] torrent|Series|Mr Robot||"AVS|ettv"|3|8||720p|"HDTV|x264"|||||||||||
Mr Robot S03E06 eps3 5 kill-process inc 1080p AMZN WEBRip DDP5 1 x264-NTb[rarbg]|Mr Robot S03E06 eps3 5 kill-process inc 1080p AMZN WEBRip DDP5 1 x264-NTb[rarbg]|Series|Mr Robot|eps3 5 kill-process inc|"NTb|rarbg"|3|6||1080p|"AMZN|WEBRip|x264"|"5.1|DDP"||||||||||
Mr. Robot (2015) Season 01 S01 (1080p Bluray x265 HEVC 10bit AAC 5.1 Joy) [UTR]|Mr. Robot (2015) Season 01 S01 (1080p Bluray x265 HEVC 10bit AAC 5.1 Joy) [UTR] torrent|Series|Mr. Robot||"Joy|UTR"|1|||1080p|"BD|x265|HEVC|10 bit"|5.1|AAC|||||2015||||
Mr Robot S02E00 dec0d3d doc HDTV x264-BATV[ettv]|Mr Robot S02E00 dec0d3d doc HDTV x264-BATV[ettv]|Series|Mr Robot|dec0d3d doc|"BATV|ettv"|2|0|||"HDTV|x264"|||||||||||
Mr Robot S03E10 eps3 9 shutdown-r 1080p AMZN WEBRip DDP5 1 x264-|Mr Robot S03E10 eps3 9 shutdown-r 1080p AMZN WEBRip DDP5 1 x264-|Series|Mr Robot|||3|10||1080p|"AMZN|WEBRip|x264"|"5.1|DDP"||||||||||
Mr Robot S03E10 720p HDTV x264-KILLERS|Mr Robot S03E10 720p HDTV x264-KILLERS|Series|Mr Robot||KILLERS|3|10||720p|"HDTV|x264"|||||||||||
Mr Robot S03E02 720p HDTV x264-SVA|Mr Robot S03E02 720p HDTV x264-SVA|Series|Mr Robot||SVA|3|2||720p|"HDTV|x264"|||||||||||
Mr Robot S01 1080p AMZN WEBRip DDP5.1 x265-SiGMA[rartv]|Mr.Robot.S01.1080p.AMZN.WEBRip.DDP5.1.x265-SiGMA[rartv]|Series|Mr Robot||"SiGMA|rartv"|1|||1080p|"WEBRip|x265|AMZN"|"5.1|DDP"||||||||||
Mr Robot S03E09 720p HDTV x264-AVS[ettv]|Mr.Robot.S03E09.720p.HDTV.x264-AVS[ettv] torrent|Series|Mr Robot||"AVS|ettv"|3|9||720p|"HDTV|x264"|||||||||||
Mr Robot S03E01 720p HDTV x264-AVS|Mr Robot S03E01 720p HDTV x264-AVS|Series|Mr Robot||AVS|3|1||720p|"HDTV|x264"|||||||||||
Mr Robot S03E03 720p HDTV x264-AVS|Mr Robot S03E03 720p HDTV x264-AVS|Series|Mr Robot||AVS|3|3||720p|"HDTV|x264"|||||||||||
Mr Robot S03E04 720p HDTV x264-AVS[ettv]|Mr.Robot.S03E04.720p.HDTV.x264-AVS[ettv] torrent|Series|Mr Robot||"AVS|ettv"|3|4||720p|"HDTV|x264"|||||||||||
Mr Robot S03E06 720p HDTV x264-AVS|Mr Robot S03E06 720p HDTV x264-AVS|Series|Mr Robot||AVS|3|6||720p|"HDTV|x264"|||||||||||
Mr Robot S03E05 720p HDTV x264-AVS[ettv]|Mr.Robot.S03E05.720p.HDTV.x264-AVS[ettv] torrent|Series|Mr Robot||"AVS|ettv"|3|5||720p|"HDTV|x264"|||||||||||
Mr Robot S03E06 HDTV x264-SVA[ettv]|Mr.Robot.S03E06.HDTV.x264-SVA[ettv] torrent|Series|Mr Robot||"SVA|ettv"|3|6|||"HDTV|x264"|||||||||||
Mr Robot S03E09 HDTV x264-SVA[ettv]|Mr.Robot.S03E09.HDTV.x264-SVA[ettv] torrent|Series|Mr Robot||"SVA|ettv"|3|9|||"HDTV|x264"|||||||||||
Mr Robot S03E10 iNTERNAL 720p WEB H264-STRiFE[ettv]|Mr.Robot.S03E10.iNTERNAL.720p.WEB.H264-STRiFE[ettv] torrent|Series|Mr Robot||"STRiFE|ettv"|3|10||720p|"WEB|h264"|||||||||||
Mr Robot S03E09 720p HDTV x264-AVS|Mr Robot S03E09 720p HDTV x264-AVS|Series|Mr Robot||AVS|3|9||720p|"HDTV|x264"|||||||||||
Mr. Robot (2015) Season 03 S03 (1080p BluRay x265 HEVC 10bit AAC 5.1 Wellick) [UTR]|Mr. Robot (2015) Season 03 S03 (1080p BluRay x265 HEVC 10bit AAC 5.1 Wellick) [UTR] torrent|Series|Mr. Robot||"Wellick|UTR"|3|3||1080p|"BD|x265|HEVC|10 bit"|5.1|AAC|||||2015||||
Mr Robot S03E04 HDTV x264-SVA[ettv]|Mr.Robot.S03E04.HDTV.x264-SVA[ettv] torrent|Series|Mr Robot||"SVA|ettv"|3|4|||"HDTV|x264"|||||||||||
Mr Robot S03 720p BluRay x264-DEMAND[rartv]|Mr.Robot.S03.720p.BluRay.x264-DEMAND[rartv]|Series|Mr Robot||"DEMAND|rartv"|3|||720p|"BD|x264"|||||||||||
Mr Robot Season 3 S03 1080p AMZN WEBRip 5.1 HEVC x265-GIRAYS|Mr.Robot.Season.3.S03.1080p.AMZN.WEBRip.5.1.HEVC.x265-GIRAYS|Series|Mr Robot||GIRAYS|3|||1080p|"AMZN|WEBRip|HEVC|x265"|5.1||||||||||
Mr Robot S03E05 720p HDTV x264-AVS|Mr Robot S03E05 720p HDTV x264-AVS|Series|Mr Robot||AVS|3|5||720p|"HDTV|x264"|||||||||||
Mr Robot - Season 1 to 3 - Mp4 x264 AC3 1080p|Mr Robot - Season 1 to 3 - Mp4 x264 AC3 1080p|Series|Mr Robot|||1-3|||1080p|x264||AC3|||||||mp4||
Mr. Robot (2015) Season 03 S03 (1080p BluRay x265 HEVC 10bit AAC 5.1 Joy) [UTR]|Mr. Robot (2015) Season 03 S03 (1080p BluRay x265 HEVC 10bit AAC 5.1 Joy) [UTR] torrent|Series|Mr. Robot||"UTR|Joy"|3|3||1080p|"BD|x265|HEVC|10 bit"|5.1|AAC|||||2015||||
Mr Robot S03E08 720p HDTV x264-AVS|Mr Robot S03E08 720p HDTV x264-AVS|Series|Mr Robot||AVS|3|8||720p|"HDTV|x264"|||||||||||
Mr Robot Season 1 Complete 720p WEB-DL EN-SUB x264-[MULVAcoded]|Mr Robot Season 1 Complete 720p WEB-DL EN-SUB x264-[MULVAcoded]|Series|Mr Robot||MULVAcoded|1||1|720p|"WEBDL|x264"||||eng|||||||
Game of Thrones S4 2014 Multi 1080p Blu-ray HEVC Atmos 7.1-DDR|Game of Thrones S4 2014.Multi.1080p.Blu-ray.HEVC.Atmos.7.1-DDR torrent|Series|Game of Thrones||DDR|4|||1080p|"BD|HEVC"|"Atmos|7.1"|||Multi|||2014||||
[HorribleSubs] Naruto Shippuuden 01 - 500(Batch) [480p][720p] [1080p]|[HorribleSubs] Naruto Shippuuden 01 - 500(Batch) [480p][720p] [1080p]|Series|Naruto Shippuuden||HorribleSubs||1-500|1|"480p|720|1080p"||||||||||||
The Blacklist S06E20 720p HDTV x264-KILLERS[rartv]|The.Blacklist.S06E20.720p.HDTV.x264-KILLERS[rartv]|Series|The Blacklist||"KILLERS|rartv"|6|20||720p|"HDTV|x264"|||||||||||
[HorribleSubs] Fruits Basket (2019) - 05 [1080p].mkv|[HorribleSubs] Fruits Basket (2019) - 05 [1080p].mkv|Series|Fruits Basket||HorribleSubs||5||1080p||||||||2019||mkv||
High School DxD S04 1080p Blu-Ray 10-Bit Dual-Audio TrueHD x265-iAHD|High.School.DxD.S04.1080p.Blu-Ray.10-Bit.Dual-Audio.TrueHD.x265-iAHD|Series|High School DxD||iAHD|4|||1080p|"BD|10 Bit|x265"|Dual Audio||||||||||
[HorribleSubs] JoJo's Bizarre Adventure - Golden Wind - 28.5 [1080p].mkv|[HorribleSubs] JoJo's Bizarre Adventure - Golden Wind - 28.5 [1080p].mkv|Series|JoJo's Bizarre Adventure - Golden Wind||HorribleSubs||28.5||1080p||||||||||mkv||
MacGyver 2016 S03E21 720p HDTV x264-AVS[rartv]|MacGyver.2016.S03E21.720p.HDTV.x264-AVS[rartv]|Series|MacGyver||"AVS|rartv"|3|21||720p|"HDTV|x264"|||||||2016||||
Doom Patrol S01E12 iNTERNAL 1080p WEB H264-AMRAP[rartv]|Doom.Patrol.S01E12.iNTERNAL.1080p.WEB.H264-AMRAP[rartv]|Series|Doom Patrol||"AMRAP|rartv"|1|12||1080p|"WEBDL|h264"|||||||||||
[HorribleSubs] Bungou Stray Dogs - 29 [1080p].mkv|[HorribleSubs] Bungou Stray Dogs - 29 [1080p].mkv|Series|Bungou Stray Dogs||HorribleSubs||29||1080p||||||||||mkv||
The Blacklist S06E20 720p HDTV x264-KILLERS[ettv]|The.Blacklist.S06E20.720p.HDTV.x264-KILLERS[ettv] torrent|Series|The Blacklist||"KILLERS|ettv"|6|20||720p|HDTV|||||||||||
[HorribleSubs] Hitoribocchi no Marumaru Seikatsu - 05 [720p].mkv|[HorribleSubs] Hitoribocchi no Marumaru Seikatsu - 05 [720p].mkv|Series|Hitoribocchi no Marumaru Seikatsu||HorribleSubs||5||720p||||||||||mkv||
Scream Queens 2015 S01 1080p WEB-DL DD5.1 H264-NTb[rartv]|Scream.Queens.2015.S01.1080p.WEB-DL.DD5.1.H264-NTb[rartv]|Series|Scream Queens||"NTb|rartv"|1||||"WEBDL|h264"|"DD|5.1"||||||2015||||
MacGyver 2016 S03E21 720p HDTV x264-AVS[ettv]|MacGyver.2016.S03E21.720p.HDTV.x264-AVS[ettv] torrent|Series|MacGyver||"AVS|ettv"|3|21||720p|"HDTV|x264"|||||||2016||||
The Blacklist S06E20 HDTV x264-KILLERS[rartv]|The.Blacklist.S06E20.HDTV.x264-KILLERS[rartv]|Series|The Blacklist||"KILLERS|rartv"|6|20|||"HDTV|x264"|||||||||||
The Blacklist S06E20 HDTV x264-KILLERS[ettv]|The.Blacklist.S06E20.HDTV.x264-KILLERS[ettv] torrent|Series|The Blacklist||"KILLERS|ettv"|6|20|||"HDTV|x264"|||||||||||
Shattered S01 720p WEBRip AAC2.0 x264-HRiP[rartv]|Shattered.S01.720p.WEBRip.AAC2.0.x264-HRiP[rartv]|Series|Shattered||"HRiP|rartv"|1|||720p|"WEBRip|x264"||AAC2|||||||||
Trinity S01 720p WEBRip AAC2.0 x264-HRiP[rartv]|Trinity.S01.720p.WEBRip.AAC2.0.x264-HRiP[rartv]|Series|Trinity||"HRiP|rartv"|1|||720p|"WEBRip|x264"||AAC2|||||||||
Dead to Me S01 COMPLETE 720p NF WEBRip x264-GalaxyTV|Dead.to.Me.S01.COMPLETE.720p.NF.WEBRip.x264-GalaxyTV|Series|Dead to Me||GalaxyTV|1||1|720p|"WEBRip|x264"|||||||||||
Last Man Standing US S07E21 1080p WEB x264-TBS[rartv]|Last.Man.Standing.US.S07E21.1080p.WEB.x264-TBS[rartv]|Series|Last Man Standing US||"TBS|rartv"|7|21||1080p|"WEBDL|x264"|||||||||||
Love Hate S02 720p WEBRip AAC2.0 x264-HRiP[rartv]|Love.Hate.S02.720p.WEBRip.AAC2.0.x264-HRiP[rartv]|Series|Love Hate||"HRiP|rartv"|2|||720p|"WEBRip|x264"||AAC2|||||||||
[HorribleSubs] Bungou Stray Dogs - 29 [720p].mkv|[HorribleSubs] Bungou Stray Dogs - 29 [720p].mkv|Series|Bungou Stray Dogs||HorribleSubs||29||720p||||||||||mkv||
City of Dreams 2019 WebRip S01 E01-10 Hindi 720p x264 AAC ESub - mkvCinemas|City of Dreams 2019 WebRip S01 E01-10 Hindi 720p x264 AAC ESub - mkvCinemas [Tel...|Series|City of Dreams||mkvCinemas|1|1-10||720p|"WEBRip|x264"||AAC|hin|ESub|||2019||||
Gold Rush Parkers Trail S03E06 720p WEBRip x264-TBS[rartv]|Gold.Rush.Parkers.Trail.S03E06.720p.WEBRip.x264-TBS[rartv]|Series|Gold Rush Parkers Trail||"TBS|rartv"|3|6||720p|"WEBRip|x264"|||||||||||
The Big Bang Theory S12E21 The Plagiarism Schism 720p AMZN WEB-DL DDP5.1 H 264-NTb|The Big Bang Theory S12E21 The Plagiarism Schism 720p AMZN WEB-DL DDP5 1 H 264-N...|Series|The Big Bang Theory|The Plagiarism Schism|NTb|12|21||720p|"WEBDL|h264"|"DDP|5.1"||||||||||
MacGyver 2016 S03E21 HDTV x264-SVA[ettv]|MacGyver.2016.S03E21.HDTV.x264-SVA[ettv] torrent|Series|MacGyver||"SVA|ettv"|3|21|||"HDTV|x264"|||||||2016||||
MacGyver 2016 S03E21 720p HDTV x264-AVS|MacGyver 2016 S03E21 720p HDTV x264-AVS|Series|MacGyver||AVS|3|21|||"HDTV|x264"|||||||2016||||
Proven Innocent S01E12 REPACK 1080p WEB x264-TBS[rartv]|Proven.Innocent.S01E12.REPACK.1080p.WEB.x264-TBS[rartv]|Series|Proven Innocent||"TBS|rartv"|1|12||1080p|"WEBDL|x264"|||||||||||
Love Hate S03 720p WEBRip AAC2.0 x264-HRiP[rartv]|Love.Hate.S03.720p.WEBRip.AAC2.0.x264-HRiP[rartv]|Series|Love Hate||"HRiP|rartv"|3|||720p|"WEBRip|x264"|||AAC2||||||||
Timeless 2016 S02 720p AMZN WEBRip DDP5.1 x264-MIXED[rartv]|Timeless.2016.S02.720p.AMZN.WEBRip.DDP5.1.x264-MIXED[rartv]|Series|Timeless|||2|||720p|"WEBRip|x264"|"DDP|5.1"||||||2016||||
The Blacklist S06E20 HDTV x264-KILLERS|The Blacklist S06E20 HDTV x264-KILLERS|Series|The Blacklist||KILLERS|6|20|||"HDTV|x264"|||||||||||
Bulletproof (1996) [1080p] [YTS] [YIFY]|Bulletproof (1996) [1080p] [YTS] [YIFY]|Movie|Bulletproof||"YTS|YIFY"||||1080p||||||||1996||||
Formula 51 (2001) [1080p] [YTS] [YIFY]|Formula 51 (2001) [1080p] [YTS] [YIFY]|Movie|Formula 51||"YTS|YIFY"||||1080p||||||||2001||||
Gangster Land (2017) [1080p] [YTS] [YIFY]|Gangster Land (2017) [1080p] [YTS] [YIFY]|Movie|Gangster Land||"YTS|YIFY"||||1080p||||||||2017||||
Pan\'s Labyrinth (2006) (1080p BluRay x265 10bit AAC 7.1 afm72) [QxR]|Pan\'s Labyrinth (2006) (1080p BluRay x265 10bit AAC 7.1 afm72) [QxR] torrent|Movie|Pan\'s Labyrinth||QxR||||1080p|"BD|x265|10 bit"|7.1|AAC|||||2006||||
My Blue Heaven (1990) [1080p] [YTS] [YIFY]|My Blue Heaven (1990) [1080p] [YTS] [YIFY]|Movie|My Blue Heaven||"YTS|YIFY"||||1080p||||||||1990||||
Bulletproof (1996) [720p] [YTS] [YIFY]|Bulletproof (1996) [720p] [YTS] [YIFY]|Movie|Bulletproof||"YTS|YIFY"||||720p||||||||1996||||
The Beastmaster (1982) [720p] [YTS] [YIFY]|The Beastmaster (1982) [720p] [YTS] [YIFY]|Movie|The Beastmaster||"YTS|YIFY"||||720p||||||||1982||||
Apollo 11 (2019) [720p] [YTS] [YIFY]|Apollo 11 (2019) [720p] [YTS] [YIFY]|Movie|Apollo 11||"YTS|YIFY"||||720p||||||||2019||||
Gangster Land (2017) [720p] [YTS] [YIFY]|Gangster Land (2017) [720p] [YTS] [YIFY]|Movie|Gangster Land||"YTS|YIFY"||||720p||||||||2017||||
Formula 51 (2001) [720p] [YTS] [YIFY]|Formula 51 (2001) [720p] [YTS] [YIFY]|Movie|Formula 51||"YTS|YIFY"||||720p||||||||2001||||
Apollo 11 (2019) [BluRay] [720p] [YTS.AM]|Apollo 11 (2019) [BluRay] [720p] [YTS.AM]|Movie|Apollo 11||YTS.AM||||720p|BD|||||||2019||||
K: Missing Kings (2014) [720p] [YTS] [YIFY]|K: Missing Kings (2014) [720p] [YTS] [YIFY]|Movie|K: Missing Kings||"YTS|YIFY"||||720p||||||||2014||||
The Killer Next Door 2019 1080p HDTV x264-W4F|The.Killer.Next.Door.2019.1080p.HDTV.x264-W4F|Movie|The Killer Next Door||W4F||||1080p|"HDTV|x264"|||||||2019||||
Gun for a Coward 1957 1080p BluRay x264-RUSTED|Gun.for.a.Coward.1957.1080p.BluRay.x264-RUSTED|Movie|Gun for a Coward||RUSTED||||1080p|"BD|x264"|||||||1957||||
Help Me I Am Dead 2013 1080p BluRay x264-LiViDiTY|Help.Me.I.Am.Dead.2013.1080p.BluRay.x264-LiViDiTY|Movie|Help Me I Am Dead||LiViDiTY||||1080p|"BD|x264"|||||||2013||||
When The Screaming Stops 1974 1080p BluRay x264-LiViDiTY|When.The.Screaming.Stops.1974.1080p.BluRay.x264-LiViDiTY|Movie|When The Screaming Stops||LiViDiTY||||1080p|"BD|x264"|||||||1974||||
Aria 1987 1080p BluRay x264-RedBlade|Aria.1987.1080p.BluRay.x264-RedBlade|Movie|Aria||RedBlade||||1080p|"BD|x264"|||||||1987||||
Singapore Sling 1990 1080p BluRay x264-LiViDiTY|Singapore.Sling.1990.1080p.BluRay.x264-LiViDiTY|Movie|Singapore Sling||LiViDiTY||||1080p|"BD|x264"|||||||1990||||
Aachi and Ssipak 2006 1080p BluRay x264-SADPANDA|Aachi.and.Ssipak.2006.1080p.BluRay.x264-SADPANDA|Movie|Aachi and Ssipak||SADPANDA||||1080p|"BD|x264"|||||||2006||||
Comin at Ya 1981 1080p BluRay x264-SADPANDA|Comin.at.Ya.1981.1080p.BluRay.x264-SADPANDA|Movie|Comin at Ya||SADPANDA||||1080p|"BD|x264"|||||||1981||||
Butcher Boys 2012 1080p BluRay x264-LiViDiTY|Butcher.Boys.2012.1080p.BluRay.x264-LiViDiTY|Movie|Butcher Boys||LiViDiTY||||1080p|"BD|x264"|||||||2012||||
Rupert Rupert And Rupert 2019 1080p WEBRip x264-RARBG|Rupert.Rupert.And.Rupert.2019.1080p.WEBRip.x264-RARBG|Movie|Rupert Rupert And Rupert||RARBG||||1080p|"WEBRip|x264"|||||||2019||||
Code Name Wild Geese 1984 DUBBED 1080p BluRay x264-LiViDiTY|Code.Name.Wild.Geese.1984.DUBBED.1080p.BluRay.x264-LiViDiTY|Movie|Code Name Wild Geese||LiViDiTY||||1080p|"BD|x264"|Dub||||||1984||||
Get the Girl 2017 1080p BluRay x264-JustWatch|Get.the.Girl.2017.1080p.BluRay.x264-JustWatch|Movie|Get the Girl||JustWatch||||1080p|"BD|x264"|||||||2017||||
Wish for Christmas 2016 1080p BluRay x264-GUACAMOLE|Wish.for.Christmas.2016.1080p.BluRay.x264-GUACAMOLE|Movie|Wish for Christmas||GUACAMOLE||||1080p|"BD|x264"|||||||2016||||
American Bandits Frank And Jesse James 2010 1080p BluRay x264 DTS-FGT|American.Bandits.Frank.And.Jesse.James.2010.1080p.BluRay.x264.DTS-FGT|Movie|American Bandits Frank And Jesse James||FGT||||1080p|"BD|x264"|DTS||||||2010||||
Montauk Chronicles 2015 1080p BluRay H264 AAC-RARBG|Montauk.Chronicles.2015.1080p.BluRay.H264.AAC-RARBG|Movie|Montauk Chronicles||RARBG||||1080p|"BD|h264"||AAC|||||2015||||
Cowboys vs Dinosaurs 2015 1080p BluRay x264-RUSTED|Cowboys.vs.Dinosaurs.2015.1080p.BluRay.x264-RUSTED|Movie|Cowboys vs Dinosaurs||RUSTED||||1080p|"BD|x264"|||||||2015||||
The Carer 2016 LiMiTED 1080p BluRay x264-VETO|The.Carer.2016.LiMiTED.1080p.BluRay.x264-VETO|Movie|The Carer||VETO||||1080p|"BD|x264"|||||||2016||||
Roadside Massacre 2012 1080p BluRay x264-iFPD|Roadside.Massacre.2012.1080p.BluRay.x264-iFPD|Movie|Roadside Massacre||iFPD||||1080p|"BD|x264"|||||||2012||||
Cold Fusion 2011 1080p BluRay H264 AAC-RARBG|Cold.Fusion.2011.1080p.BluRay.H264.AAC-RARBG|Movie|Cold Fusion||RARBG||||1080p|"BD|h264"||AAC|||||2011||||
Creature 1998 Part2 1080p BluRay H264 AAC-RARBG|Creature.1998.Part2.1080p.BluRay.H264.AAC-RARBG|Movie|Creature||RARBG||||1080p|"BD|h264"||AAC|||||1998||||
Collision Course 2012 1080p BluRay H264 AAC-RARBG|Collision.Course.2012.1080p.BluRay.H264.AAC-RARBG|Movie|Collision Course||RARBG||||1080p|"BD|h264"||AAC|||||2012||||
Night Of The Werewolf 1981 1080p BluRay H264 AAC-RARBG|Night.Of.The.Werewolf.1981.1080p.BluRay.H264.AAC-RARBG|Movie|Night Of The Werewolf||RARBG||||1080p|"BD|h264"||AAC|||||1981||||
Chief Crazy Horse 1955 1080p BluRay H264 AAC-RARBG|Chief.Crazy.Horse.1955.1080p.BluRay.H264.AAC-RARBG|Movie|Chief Crazy Horse||RARBG||||1080p|"BD|h264"||AAC|||||1955||||
The College Girl Murders 1967 1080p BluRay x264-BiPOLAR|The.College.Girl.Murders.1967.1080p.BluRay.x264-BiPOLAR|Movie|The College Girl Murders||BiPOLAR||||1080p|"BD|x264"|||||||1967||||
The Darkness Rage and the Fury 2014 1080p BluRay x264-UNVEiL|The.Darkness.Rage.and.the.Fury.2014.1080p.BluRay.x264-UNVEiL|Movie|The Darkness Rage and the Fury||UNVEiL||||1080p|"BD|x264"|||||||2014||||
My Nannys Secret 2009 1080p BluRay x264 DTS-FGT|My.Nannys.Secret.2009.1080p.BluRay.x264.DTS-FGT|Movie|My Nannys Secret||FGT||||1080p|"BD|x264"|DTS||||||2009||||
The Beasts Carnival 1980 1080p BluRay x264 DTS-FGT|The.Beasts.Carnival.1980.1080p.BluRay.x264.DTS-FGT|Movie|The Beasts Carnival||FGT||||1080p|"BD|x264"|DTS||||||1980||||
Bad Mans River 1971 1080p BluRay H264 AAC-RARBG|Bad.Mans.River.1971.1080p.BluRay.H264.AAC-RARBG|Movie|Bad Mans River||RARBG||||1080p|"BD|h264"||AAC|||||1971||||
Takedown 2010 1080p BluRay x264-MELiTE|Takedown.2010.1080p.BluRay.x264-MELiTE|Movie|Takedown||MELiTE||||1080p|"BD|x264"|||||||2010||||
I Am Nancy 2011 1080p BluRay x264-LiViDiTY|I.Am.Nancy.2011.1080p.BluRay.x264-LiViDiTY|Movie|I Am Nancy||LiViDiTY||||1080p|"BD|x264"|||||||2011||||
Skating To New York 2013 1080p BluRay x264-RedBlade|Skating.To.New.York.2013.1080p.BluRay.x264-RedBlade|Movie|Skating To New York||RedBlade||||1080p|"BD|x264"|||||||2013||||
Croczilla 2012 DUBBED 1080p BluRay x264-PFa|Croczilla.2012.DUBBED.1080p.BluRay.x264-PFa|Movie|Croczilla||PFa||||1080p|"BD|x264"|Dub||||||2012||||
Zombie Hunters 2008 1080p BluRay x264-LiViDiTY|Zombie.Hunters.2008.1080p.BluRay.x264-LiViDiTY|Movie|Zombie Hunters||LiViDiTY||||1080p|"BD|x264"|||||||2008||||
The Killer Next Door 2019 720p HDTV x264-W4F|The.Killer.Next.Door.2019.720p.HDTV.x264-W4F|Movie|The Killer Next Door||W4F||||720p|"HDTV|x264"|||||||2019||||
Red Sundown 1956 1080p BluRay H264 AAC-RARBG|Red.Sundown.1956.1080p.BluRay.H264.AAC-RARBG|Movie|Red Sundown||RARBG||||1080p|"BD|h264"||AAC|||||1956||||
Berserker 2004 1080p BluRay H264 AAC-RARBG|Berserker.2004.1080p.BluRay.H264.AAC-RARBG|Movie|Berserker||RARBG||||1080p|"BD|h264"||AAC|||||2004||||
Alambrista 1977 SPANISH 1080p BluRay H264 AAC-VXT|Alambrista.1977.SPANISH.1080p.BluRay.H264.AAC-VXT|Movie|Alambrista||VXT||||1080p|"BD|h264"||AAC|spa||||1977||||
Victim 2011 1080p BluRay H264 AAC-RARBG|Victim.2011.1080p.BluRay.H264.AAC-RARBG|Movie|Victim||RARBG||||1080p|"BD|h264"||AAC|||||2011||||
Unrated The Movie 2009 1080p BluRay x264-LiViDiTY|Unrated.The.Movie.2009.1080p.BluRay.x264-LiViDiTY|Movie|Unrated The Movie||LiViDiTY||||1080p|"BD|x264"|||||||2009||||
Robert the Doll 2015 1080p BluRay x264-MELiTE|Robert.the.Doll.2015.1080p.BluRay.x264-MELiTE|Movie|Robert the Doll||MELiTE||||1080p|"BD|x264"|||||||2015||||
The Last Showing 2014 1080p BluRay x264-SONiDO|The.Last.Showing.2014.1080p.BluRay.x264-SONiDO|Movie|The Last Showing||SONiDO||||1080p|"BD|x264"|||||||2014||||
Punk Love 2006 1080p BluRay x264 DTS-FGT|Punk.Love.2006.1080p.BluRay.x264.DTS-FGT|Movie|Punk Love||FGT||||1080p|"BD|x264"|DTS||||||2006||||
The Library 2012 1080p BluRay H264 AAC-RARBG|The.Library.2012.1080p.BluRay.H264.AAC-RARBG|Movie|The Library||RARBG||||1080p|"BD|h264"||AAC|||||2012||||
The Four Feathers 1939 (Adventure) 1080p BRRip x264-Classics|The.Four.Feathers.1939.(Adventure).1080p.BRRip.x264-Classics torrent|Movie|The Four Feathers||Classics||||1080p|"BD|x264"|||||||1939||||
Careless 2007 1080p BluRay H264 AAC-RARBG|Careless.2007.1080p.BluRay.H264.AAC-RARBG|Movie|Careless||RARBG||||1080p|"BD|h264"||AAC|||||2007||||
Bad Mans River 1971 720p BluRay H264 AAC-RARBG|Bad.Mans.River.1971.720p.BluRay.H264.AAC-RARBG|Movie|Bad Mans River||RARBG||||720p|"BD|h264"||AAC|||||1971||||
Guardian Of The Realm 2004 BRRip XviD MP3-XVID|Guardian.Of.The.Realm.2004.BRRip.XviD.MP3-XVID|Movie|Guardian Of The Realm||XVID|||||BD|||||||2004||"xvid|mp3"||
Guardian Of The Realm 2004 1080p BluRay x264-LiViDiTY|Guardian.Of.The.Realm.2004.1080p.BluRay.x264-LiViDiTY|Movie|Guardian Of The Realm||LiViDiTY||||1080p|"BD|x264"|||||||2004||||
[HorribleSubs] Kimetsu no Yaiba - 05 [1080p].mkv|[HorribleSubs] Kimetsu no Yaiba - 05 [1080p].mkv|Series|Kimetsu no Yaiba||HorribleSubs||5||1080p||||||||||mkv||
MotoGP 2019x04 Spain Qualifying BTSportHD 1080p50|MotoGP.2019x04.Spain.Qualifying.BTSportHD.1080p50 torrent|Series|MotoGP|Spain Qualifying|BTSportHD||4||1080p||||||||2019||||
MotoGP 2019x04 Spain Qualifying BTSportHD SD|MotoGP.2019x04.Spain.Qualifying.BTSportHD.SD torrent|Series|MotoGP|Spain Qualifying|BTSportHD||4|||SDTV|||||||2019||||
Warrior 2019 S01E05 The Blood and the Shit 1080p AMZN WEBRip DDP5.1 x264-NTb[rartv]|Warrior.2019.S01E05.The.Blood.and.the.Shit.1080p.AMZN.WEBRip.DDP5.1.x264-NTb[rartv]|Series|Warrior|The Blood and the Shit|"NTb|rartv"|1|5||1080p|"WEBRip|x264"|"DDP|5.1"||||||2019||||
Marvels Inhumans S01 1080p AMZN WEBRip DDP5.1 x264-NTb[rartv]|Marvels.Inhumans.S01.1080p.AMZN.WEBRip.DDP5.1.x264-NTb[rartv]|Series|Marvels Inhumans||"NTb|rartv"|1|||1080p|"WEBRip|x264"|"DDP|5.1"||||||||||
Gardeners World S52E09 Episode 9 720p iP WEB-DL AAC2.0 H 264-SOIL[ettv]|Gardeners.World.S52E09.Episode.9.720p.iP.WEB-DL.AAC2.0.H.264-SOIL[ettv] torrent|Series|Gardeners World||"SOIL|ettv"|52|9||720p|"WEBDL|h264"||AAC2|||||||||
Marvels Inhumans S01 720p AMZN WEBRip DDP5.1 x264-NTb[rartv]|Marvels.Inhumans.S01.720p.AMZN.WEBRip.DDP5.1.x264-NTb[rartv]|Series|Marvels Inhumans||"NTb|rartv"|1|||720p|"WEBRip|x264"|||||||||||
Zoo S01 1080p BluRay x264-FLHD[rartv]|Zoo.S01.1080p.BluRay.x264-FLHD[rartv]|Series|Zoo||"FLHD|rartv"|1|||1080p|"BD|x264"|||||||||||
[Ohys-Raws] Goblin Slayer (BD 1280x720 x264 AAC)|[Ohys-Raws] Goblin Slayer (BD 1280x720 x264 AAC)|Series|Goblin Slayer||Ohys-Raws||||720p|"BD|x264"||AAC|||||||||
[HorribleSubs] Kimetsu no Yaiba - 05 [720p].mkv|[HorribleSubs] Kimetsu no Yaiba - 05 [720p].mkv|Series|Kimetsu no Yaiba||HorribleSubs||5||720p||||||||||mkv||
Real Time With Bill Maher 2019 05 03 720p HDTV x264-aAF[ettv]|Real.Time.With.Bill.Maher.2019.05.03.720p.HDTV.x264-aAF[ettv] torrent|Series|Real Time With Bill Maher||"aAF|ettv"||||720p|"HDTV|x264"|||||3|5|2019||||
[DB] High School DxD Hero [Dual Audio 10bit BD1080p][HEVC-x265]|[DB] High School DxD Hero [Dual Audio 10bit BD1080p][HEVC-x265] torrent|Series|High School DxD Hero||DB||||1080p|"BD|HEVC|x265|10 bit"|Dual Audio||||||||||
Fuller House S04 1080p NF WEB DDP5.1 x264-NTb[rartv]|Fuller.House.S04.1080p.NF.WEB.DDP5.1.x264-NTb[rartv]|Series|Fuller House||"NTb|rartv"|4|||1080p|"WEBDL|x264"|"DDP|5.1"||||||||||
Real Time with Bill Maher S17E14 1080p AMZN WEBRip DDP2.0 x264-monkee[rartv]|Real.Time.with.Bill.Maher.S17E14.1080p.AMZN.WEBRip.DDP2.0.x264-monkee[rartv]|Series|Real Time with Bill Maher||"monkee|rartv"|17|14|||"WEBRip|x264"|"DDP|2.0"||||||||||
Zoo S02 1080p AMZN WEBRip DDP5.1 x264-TrollHD[rartv]|Zoo.S02.1080p.AMZN.WEBRip.DDP5.1.x264-TrollHD[rartv]|Series|Zoo||"TrollHD|rartv"|2|||1080p|"WEBRip|x264"|"DDP|5.1"||||||||||
Game Of Thrones S5 2015 Multi 1080p Blu-ray HEVC Atmos 7.1-DDR|Game Of Thrones S5 2015.Multi.1080p.Blu-ray.HEVC.Atmos.7.1-DDR torrent|Series|Game Of Thrones||DDR|5|||1080p|"BD|HEVC"|"Atmos|7.1"|||Multi|||2015||||
[HorribleSubs] Bokutachi wa Benkyou ga Dekinai - 05 [1080p].mkv|[HorribleSubs] Bokutachi wa Benkyou ga Dekinai - 05 [1080p].mkv|Series|Bokutachi wa Benkyou ga Dekinai||HorribleSubs||5||1080p||||||||||mkv||
Britains Got Talent S13E05 720p HDTV x264-FTP[rartv]|Britains.Got.Talent.S13E05.720p.HDTV.x264-FTP[rartv]|Series|Britains Got Talent||"FTP|rartv"|13|5||720p|"HDTV|x264"|||||||||||
Gomorra 4x09-10 ITALiAN 2160p UHD AAC HDTV x264-TRiADE|Gomorra.4x09-10.ITALiAN.2160p.UHD.AAC.HDTV.x264-TRiADE torrent|Series|Gomorra||TRiADE|4|9-10||2160p|"HDTV|x264"|||ita||||||||
Salvage Hunters The Restorers S02E03 Episode 3 1080p WEB-DL AAC2.0 H 264-SOIL[ettv]|Salvage.Hunters.The.Restorers.S02E03.Episode.3.1080p.WEB-DL.AAC2.0.H.264-SOIL[ettv] torrent|Series|Salvage Hunters The Restorers||"SOIL|ettv"|2|3||1080p|"WEBDL|h264"|||||||||||
I Love Us (2018) Season 01 - (Ep 1 to 13) - [Hindi - 720p HDRip - x264 - 1.4GB]|I Love Us (2018) Season 01 - (Ep 1 to 13) - [Hindi - 720p HDRip - x264 - 1.4GB] torrent|Series|I Love Us|||1|1-13||720p|"HDTV|x264"|||hin||||2018||||
Breaking Bad S02 Complete (2009) 1080p ENG-ITA MultiSub x264 BluRay|Breaking Bad S02 Complete (2009) 1080p ENG-ITA MultiSub x264 BluRay|Series|Breaking Bad|||2||1|1080p|"x264|BD"|||"eng|ita"|Multi|||2009||||
Breaking Bad Complete Season 1 , 2 , 3, 4 ,5 ,1080p HEVC|Breaking Bad Complete Season 1 , 2 , 3, 4 ,5 ,1080p HEVC|Series|Breaking Bad|||"1|2|3|4|5"||1|1080p|HEVC|||||||||||
Breaking Bad S01-S05 1080p BluRay 10bit HEVC 6CH-MkvCage ws|Breaking Bad S01-S05 1080p BluRay 10bit HEVC 6CH-MkvCage ws|Series|Breaking Bad||MkvCage|"1|2|3|4|5"|||1080p|"BD|HEVC|10bit"|6CH||||||||||
Breaking Bad S01-S05 Seasons 1-5 Complete 1080p H264 BluRay-MIXE|Breaking Bad S01-S05 Seasons 1-5 Complete 1080p H264 BluRay-MIXE|Series|Breaking Bad||MIXE|"1|2|3|4|5"||1|1080p|"BD|h264"|||||||||||
Breaking Bad S01 Complete - 1080p ENG-ITA Multisub x264 BluRay|Breaking Bad S01 Complete - 1080p ENG-ITA  Multisub x264 BluRay|Series|Breaking Bad|||1||1|1080p|"x264|BD"|||"eng|ita"|Multi|||||||
Breaking Bad Season 1,2,3,4,5+Extras 720p nHD Bluray + 1080p Web-Dl _rvarun7777|Breaking.Bad.Season.1,2,3,4,5+Extras.720p.nHD.Bluray.+.1080p.Web-Dl._rvarun7777|Series|Breaking Bad||_rvarun7777|"1|2|3|4|5"||1|"720p|1080p"|"WEBDL|BD"|||||||||||
Breaking Bad (2008) Season 3 S03 + Extras (1080p BluRay x265 HEVC 10bit AAC 5.1 Silence) [QxR]|Breaking Bad (2008) Season 3 S03 + Extras (1080p BluRay x265 HEVC 10bit AAC 5.1 Silence) [QxR] torrent|Series|Breaking Bad||QxR|3||1|1080p|"BD|x265|HEVC|10bit"|5.1|AAC|||||||||
Breaking Bad (2008) Season 1 S01 + Extras (1080p BluRay X265 HEVC 10bit AAC 5.1 Silence) [QxR]|Breaking Bad (2008) Season 1 S01 + Extras (1080p BluRay X265 HEVC 10bit AAC 5.1 Silence) [QxR]|Series|Breaking Bad||QxR|1||1|1080p|"BD|x265|HEVC|10bit"|5.1|AAC|||||||||
Breaking Bad S03 1080p BluRay X264-7SinS Season 3 Three Complete|Breaking.Bad.S03.1080p.BluRay.X264-7SinS Season 3 Three Complete|Series|Breaking Bad||7SinS|3||1|1080p|"BD|x264"|||||||||||
Breaking Bad (2008) Season 4 S04 + Extras (1080p BluRay X265 HEVC 10bit AAC 5.1 Silence) [QxR]|Breaking Bad (2008) Season 4 S04 + Extras (1080p BluRay X265 HEVC 10bit AAC 5.1 Silence) [QxR]|Series|Breaking Bad||QxR|4||1|1080p|"BD|x265|HEVC|10bit"|5.1|AAC|||||||||
Breaking Bad (2008) Season 5 S05 + Extras (1080p BluRay X265 HEVC 10bit AAC 5.1 Silence) [QxR]|Breaking Bad (2008) Season 5 S05 + Extras (1080p BluRay X265 HEVC 10bit AAC 5.1 Silence) [QxR]|Series|Breaking Bad||QxR|5||1|1080p|"BD|x265|HEVC|10bit"|5.1|AAC|||||||||
Breaking Bad S05E16 720p HDTV x264-IMMERSE|Breaking Bad S05E16 720p HDTV x264-IMMERSE|Series|Breaking Bad||IMMERSE|5|16||720p|"HDTV|x264"|||||||||||
Breaking Bad S05E14 720p HDTV x264-IMMERSE|Breaking Bad S05E14 720p HDTV x264-IMMERSE|Series|Breaking Bad||IMMERSE|5|14||720p|"HDTV|x264"|||||||||||
Breaking Bad S05E12 720p HDTV x264-EVOLVE|Breaking Bad S05E12 720p HDTV x264-EVOLVE|Series|Breaking Bad||EVOLVE|5|12||720p|"HDTV|x264"|||||||||||
Breaking Bad The Complete 4th Season 720p HDTV x264 + Subtitles [GlowGaze]|Breaking Bad The Complete 4th Season 720p HDTV x264 + Subtitles [GlowGaze] torrent|Series|Breaking Bad||GlowGaze|4||1|720p|"HDTV|x264"|||||||||||
Breaking Bad S05 Season 5 COMPLETE 720p WEB-DL H264-PublicHD|Breaking.Bad.S05.Season.5.COMPLETE.720p.WEB-DL.H264-PublicHD torrent|Series|Breaking Bad||PublicHD|5||1|720p|"WEBDL|h264"|||||||||||
Breaking Bad Season S05 Complete 480p BluRay+HDTV x264-EncodeKing|Breaking Bad Season S05 Complete 480p BluRay+HDTV x264-EncodeKing torrent|Series|Breaking Bad||EncodeKing|5||1|480p|"BD|HDTV|x264"|||||||||||
Breaking Bad Season 1 COMPLETE 2160p Web-DL X265-KRAVE|Breaking Bad Season 1 COMPLETE 2160p Web-DL X265-KRAVE|Series|Breaking Bad||KRAVE|1||1|2160p|"WEBDL|x265"|||||||||||
Breaking Bad Complete Collection Season 1-5 480p WEB-DL H 264-BPOOLTV [Bootstrap Exclusive]|Breaking Bad Complete Collection Season 1-5 480p WEB-DL H 264-BPOOLTV [Bootstrap Exclusive]|Series|Breaking Bad||BPOOLTV|"1|2|3|4|5"||1|480p|"WEBDL|h264"|||||||||||
Breaking Bad (2008) Season 2 S02 + Extras (1080p BluRay X265 HEVC 10bit AAC 5.1 Silence) [QxR]|Breaking Bad (2008) Season 2 S02 + Extras (1080p BluRay X265 HEVC 10bit AAC 5.1 Silence) [QxR]|Series|Breaking Bad||QxR|2||1|1080p|"BD|x265|HEVC|10bit"|5.1|AAC|||||2008||||
Breaking Bad S05E02 720p HDTV x264-ORENJI|Breaking Bad S05E02 720p HDTV x264-ORENJI|Series|Breaking Bad||ORENJI|5|2||720p|"HDTV|x264"|||||||||||
Breaking Bad S01 Season 1 Complete 720p WEB-DL ReEnc-[maximersk]|Breaking.Bad.S01.Season.1.Complete.720p.WEB-DL.ReEnc-[maximersk] torrent|Series|Breaking Bad||"maximersk|ReEnc"|1|||720p|WEBDL|||||||||||
Breaking Bad S02E07 Negro Y Azul HDTV XviD-FQM [eztv]|Breaking Bad S02E07 Negro Y Azul HDTV XviD-FQM [eztv]|Series|Breaking Bad|Negro Y Azul|"FQM|eztv"|2|7|||HDTV|||||||||||
The Sopranos S01 Season 1 1080p 5.1Ch BluRay ReEnc-DeeJayAhmed|The Sopranos S01 Season 1 1080p 5.1Ch BluRay ReEnc-DeeJayAhmed|Series|The Sopranos||"ReEnc|DeeJayAhmed"|1||1|1080p|BD||5.1|||||||||
The Sopranos S03 Season 3 1080p 5.1Ch BluRay ReEnc-DeeJayAhmed|The Sopranos S03 Season 3 1080p 5.1Ch BluRay ReEnc-DeeJayAhmed|Series|The Sopranos||"ReEnc|DeeJayAhmed"|3||1|1080p|BD||5.1|||||||||
The Sopranos S06 Season 6 1080p 5.1Ch BluRay ReEnc-DeeJayAhmed|The Sopranos S06 Season 6 1080p 5.1Ch BluRay ReEnc-DeeJayAhmed|Series|The Sopranos||"ReEnc|DeeJayAhmed"|6||1|1080p|BD||5.1|||||||||
The Sopranos S02 Season 2 1080p 5.1Ch BluRay ReEnc-DeeJayAhmed|The Sopranos S02 Season 2 1080p 5.1Ch BluRay ReEnc-DeeJayAhmed|Series|The Sopranos||"ReEnc|DeeJayAhmed"|2||1|1080p|BD||5.1|||||||||
The Sopranos S05 Season 5 1080p 5.1Ch BluRay ReEnc-DeeJayAhmed|The Sopranos S05 Season 5 1080p 5.1Ch BluRay ReEnc-DeeJayAhmed|Series|The Sopranos||"ReEnc|DeeJayAhmed"|5||1|1080p|BD||5.1|||||||||
The Sopranos Season 3 (720p BDRip X265 AC3) Chivaman|The Sopranos Season 3 (720p BDRip X265 AC3) Chivaman|Series|The Sopranos||Chivaman|3||1|720p|"BD|x265"||AC3|||||||||
The Sopranos Season 1 (720p BDRip X265 AC3) Chivaman|The Sopranos Season 1 (720p BDRip X265 AC3) Chivaman|Series|The Sopranos||Chivaman|1||1|720p|"BD|x265"||AC3|||||||||
The Sopranos Season 4 (720p BDRip X265 AC3) Chivaman|The Sopranos Season 4 (720p BDRip X265 AC3) Chivaman|Series|The Sopranos||Chivaman|4||1|720p|"BD|x265"||AC3|||||||||
The Sopranos Season 6 (720p BDRip X265 AC3) Chivaman|The Sopranos Season 6 (720p BDRip X265 AC3) Chivaman|Series|The Sopranos||Chivaman|6||1|720p|"BD|x265"||AC3|||||||||
The Sopranos Season 2 (720p BDRip X265 AC3) Chivaman|The Sopranos Season 2 (720p BDRip X265 AC3) Chivaman|Series|The Sopranos||Chivaman|2||1|720p|"BD|x265"||AC3|||||||||
The Sopranos Season 5 (720p BDRip X265 AC3) Chivaman|The Sopranos Season 5 (720p BDRip X265 AC3) Chivaman|Series|The Sopranos||Chivaman|5||1|720p|"BD|x265"||AC3|||||||||
The Sopranos S04 Season 4 1080p 5.1Ch BluRay ReEnc-DeeJayAhmed|The Sopranos S04 Season 4 1080p 5.1Ch BluRay ReEnc-DeeJayAhmed|Series|The Sopranos||"ReEnc|DeeJayAhmed"|4||1|1080p|BD||5.1|||||||||
The Sopranos Season 4 - COMPLETE S04 w Eng softsubs 720p WEBRip x264 [MKV,AC3,5.1] Ehhhh|The Sopranos Season 4 - COMPLETE S04 w Eng softsubs 720p WEBRip x264 [MKV,AC3,5.1] Ehhhh|Series|The Sopranos||Ehhhh|4||1|720p|"WEBRip|x264"||"AC3|5.1"|||||||mkv||
The Sopranos Season 6 - COMPLETE S06 w Eng softsubs 720p BRRip x264 [MKV,AC3,5.1] Ehhhh|The Sopranos Season 6 - COMPLETE S06 w Eng softsubs 720p BRRip x264 [MKV,AC3,5.1] Ehhhh|Series|The Sopranos|||6||1|720p|"WEBRip|x264"||"AC3|5.1"|||||||mkv||
The Sopranos Season 5 - COMPLETE S05 w Eng softsubs 720p WEBRip x264 [MKV,AC3,5.1] Ehhhh|The Sopranos Season 5 - COMPLETE S05 w Eng softsubs 720p WEBRip x264 [MKV,AC3,5.1] Ehhhh|Series|The Sopranos|||5||1|720p|"WEBRip|x264"||"AC3|5.1"|||||||mkv||
The Sopranos Season 1 - COMPLETE w Eng softsubs 720p BRRip x264 [MKV,AC3,5.1] Ehhhh|The Sopranos Season 1 - COMPLETE w Eng softsubs 720p BRRip x264 [MKV,AC3,5.1] Ehhhh|Series|The Sopranos|||1||1|720p|"WEBRip|x264"||"AC3|5.1"|||||||mkv||
The Sopranos Season 3 - COMPLETE S03 w Eng softsubs 720p WEBRip x264 [MKV,AC3,5.1] Ehhhh|The Sopranos Season 3 - COMPLETE S03 w Eng softsubs 720p WEBRip x264 [MKV,AC3,5.1] Ehhhh|Series|The Sopranos|||3||1|720p|"WEBRip|x264"||"AC3|5.1"|||||||mkv||
The Sopranos Season 2 - COMPLETE S02 w Eng softsubs 720p BRRip x264 [MKV,AC3,5.1] Ehhhh|The Sopranos Season 2 - COMPLETE S02 w Eng softsubs 720p BRRip x264 [MKV,AC3,5.1] Ehhhh|Series|The Sopranos|||2||1|720p|"WEBRip|x264"||"AC3|5.1"|||||||mkv||
The Sopranos Season 4 Complete 720p WEB-DL X265 HEVC TangoAlpha|The Sopranos Season 4 Complete 720p WEB-DL X265 HEVC TangoAlpha|Series|The Sopranos||TangoAlpha|4||1|720p|"WEBDL|HEVC|x265"|||||||||||
The Sopranos Season 6 Complete 720p X265 HEVC TangoAlpha|The Sopranos Season 6 Complete 720p X265 HEVC TangoAlpha|Series|The Sopranos||TangoAlpha|6||1|720p|"WEBDL|HEVC|x265"|||||||||||
The Sopranos Season 5 Complete 720p WEB-DL X265 HEVC TangoAlpha|The Sopranos Season 5 Complete 720p WEB-DL X265 HEVC TangoAlpha|Series|The Sopranos||TangoAlpha|5||1|720p|"WEBDL|HEVC|x265"|||||||||||
The Sopranos Season 3 Complete 720p WEB-DL X265 HEVC TangoAlpha|The Sopranos Season 3 Complete 720p WEB-DL X265 HEVC TangoAlpha|Series|The Sopranos||TangoAlpha|3||1|720p|"WEBDL|HEVC|x265"|||||||||||
The Sopranos Season 2 Complete 720p WEB-DL X265 HEVC TangoAlpha|The Sopranos Season 2 Complete 720p WEB-DL X265 HEVC TangoAlpha|Series|The Sopranos||TangoAlpha|2||1|720p|"WEBDL|HEVC|x265"|||||||||||
The Sopranos Season 01 720p Bluray X265 HEVC-TangoAlpha|The Sopranos Season 01 720p Bluray X265 HEVC-TangoAlpha|Series|The Sopranos||TangoAlpha|1||1|720p|"WEBDL|HEVC|x265"|||||||||||
The Sopranos S06E09 The Ride PROPER HDTV XviD-FQM [eztv]|The Sopranos S06E09 The Ride PROPER HDTV XviD-FQM [eztv]|Series|The Sopranos|The Ride|"eztv|FQM"|6|9||HDTV||||||||||||
Better Call Saul (2015) Season 04 S04 (1080p NF WEB-DL x265 HEVC 10bit AAC 5.1 Joy) [UTR]|Better Call Saul (2015) Season 04 S04 (1080p NF WEB-DL x265 HEVC 10bit AAC 5.1 Joy) [UTR] torrent|Series|Better Call Saul||UTR|4||1|1080p|"WEBDL|x265|HEVC|10bit"||"AAC|5.1"|||||2015||||
Better Call Saul S04E06 (2160p WEBRip x265 HEVC 10bit AC3 5.1 Qman) [UTR]|Better Call Saul S04E06 (2160p WEBRip x265 HEVC 10bit AC3 5.1 Qman) [UTR] torrent|Series|Better Call Saul||UTR|4|6||2160p|"WEBRip|x265|HEVC|10bit"||"AAC|5.1"|||||||||
Better Call Saul Season (2015) 01 S01 (1080p NF WEB-DL x265 HEVC 10bit AAC 5.1 Joy) [UTR]|Better Call Saul Season (2015) 01 S01 (1080p NF WEB-DL x265 HEVC 10bit AAC 5.1 Joy) [UTR] torrent|Series|Better Call Saul||UTR|||1|1080p|"WEBDL|x265|HEVC|10bit"||"AAC|5.1"|||||2015||||
Better Call Saul S04E10 (2160p WEBRip x265 HEVC 10bit AC3 5.1 Qman) [UTR]|Better Call Saul S04E10 (2160p WEBRip x265 HEVC 10bit AC3 5.1 Qman) [UTR] torrent|Series|Better Call Saul||UTR|4|10||2160p|"WEBRip|x265|HEVC|10bit"||"AAC|5.1"|||||||||
Better Call Saul (2015) Season 02 S02 (1080p NF WEB-DL x265 HEVC 10bit AAC 5.1 Joy) [UTR]|Better Call Saul (2015) Season 02 S02 (1080p NF WEB-DL x265 HEVC 10bit AAC 5.1 Joy) [UTR] torrent|Series|Better Call Saul||UTR|||1|1080p|"WEBDL|x265|HEVC|10bit"||"AAC|5.1"|||||2015||||
Better Call Saul S04E09 (2160p WEBRip x265 HEVC 10bit AC3 5.1 Qman) [UTR]|Better Call Saul S04E09 (2160p WEBRip x265 HEVC 10bit AC3 5.1 Qman) [UTR] torrent|Series|Better Call Saul||UTR|4|9||2160p|"WEBRip|x265|HEVC|10bit"||"AAC|5.1"|||||||||
Better Call Saul (2015) Season 03 S03 (1080p NF WEB-DL x265 HEVC 10bit AAC 5.1 Joy) [UTR]|Better Call Saul (2015) Season 03 S03 (1080p NF WEB-DL x265 HEVC 10bit AAC 5.1 Joy) [UTR] torrent|Series|Better Call Saul||UTR|||1|1080p|"WEBDL|x265|HEVC|10bit"||"AAC|5.1"|||||2015||||
Better Call Saul S04E07 (2160p WEBRip x265 HEVC 10bit AC3 5.1 Qman) [UTR]|Better Call Saul S04E07 (2160p WEBRip x265 HEVC 10bit AC3 5.1 Qman) [UTR] torrent|Series|Better Call Saul||UTR|4|7||2160p|"WEBRip|x265|HEVC|10bit"||"AAC|5.1"|||||||||
Better Call Saul S04E08 (1080p WEBRip x265 HEVC 10bit AC3 5.1 Qman) [UTR]|Better Call Saul S04E08 (1080p WEBRip x265 HEVC 10bit AC3 5.1 Qman) [UTR] torrent|Series|Better Call Saul||UTR|4|8||1080p|"WEBRip|x265|HEVC|10bit"||"AAC|5.1"|||||||||
Better Call Saul S04E03 Something Beautiful 2160p NF WEBRip DDP5.1 x264-NTb[rartv]|Better.Call.Saul.S04E03.Something.Beautiful.2160p.NF.WEBRip.DDP5.1.x264-NTb[rartv]|Series|Better Call Saul|Something Beautiful|"NTb|rartv"|4|3||2160p|"WEBRip|x264"|DDP|5.1|||||||||
Greys Anatomy S03 1080p AMZN WEBRip DDP5.1 x264-NTb[rartv]|Greys.Anatomy.S03.1080p.AMZN.WEBRip.DDP5.1.x264-NTb[rartv]|Series|Grey's Anatomy||"NTb|rartv"|3||1|1080p|"WEBRip|x264"|DDP|5.1|||||||||
Greys Anatomy S07 1080p AMZN WEBRip DDP5.1 x264-NTb[rartv]|Greys.Anatomy.S07.1080p.AMZN.WEBRip.DDP5.1.x264-NTb[rartv]|Series|Grey's Anatomy||"NTb|rartv"|7||1|1080p|"WEBRip|x264"|DDP|5.1|||||||||
Greys Anatomy S09 1080p AMZN WEBRip DDP5.1 x264-NTb[rartv]|Greys.Anatomy.S09.1080p.AMZN.WEBRip.DDP5.1.x264-NTb[rartv]|Series|Grey's Anatomy||"NTb|rartv"|9||1|1080p|"WEBRip|x264"|DDP|5.1|||||||||
Greys Anatomy S13 1080p AMZN WEBRip DDP5.1 x264-NTb[rartv]|Greys.Anatomy.S13.1080p.AMZN.WEBRip.DDP5.1.x264-NTb[rartv]|Series|Grey's Anatomy||"NTb|rartv"|13||1|1080p|"WEBRip|x264"|DDP|5.1|||||||||
Greys Anatomy S06 1080p AMZN WEBRip DDP5.1 x264-NTb[rartv]|Greys.Anatomy.S06.1080p.AMZN.WEBRip.DDP5.1.x264-NTb[rartv]|Series|Grey's Anatomy||"NTb|rartv"|6||1|1080p|"WEBRip|x264"|DDP|5.1|||||||||
Game of Thrones S08E04 1080p AMZN WEBRip DDP5.1 x264-GoT[rartv]|Game.of.Thrones.S08E04.1080p.AMZN.WEBRip.DDP5.1.x264-GoT[rartv]|Series|Game of Thrones||"GoT|rartv"|8|4||1080p|"WEBRip|x264"|"DDP|5.1"||||||||||
Game of Thrones S08E04 720p AMZN WEBRip DDP5.1 x264-GoT[rartv]|Game.of.Thrones.S08E04.720p.AMZN.WEBRip.DDP5.1.x264-GoT[rartv]|Series|Game of Thrones||"GoT|rartv"|8|4||720p|"WEBRip|x264"|"DDP|5.1"||||||||||
Game of Thrones S08E04 1080p WEB H264-MEMENTO[rartv]|Game.of.Thrones.S08E04.1080p.WEB.H264-MEMENTO[rartv]|Series|Game of Thrones||"MEMENTO|rartv"|8|4||1080p|"WEBDL|h264"|||||||||||
Game of Thrones S08E04 720p AMZN WEB-DL DDP5 1 H 264-GoT|Game of Thrones S08E04 720p AMZN WEB-DL DDP5 1 H 264-GoT|Series|Game of Thrones||GoT||||720p|"WEBDL|h254"|"DDP|5.1"||||||||||
[HorribleSubs] Shingeki no Kyojin S3 - 51 [1080p].mkv|[HorribleSubs] Shingeki no Kyojin S3 - 51 [1080p].mkv|Series|Shingeki no Kyojin||HorribleSubs|3|51||1080p||||||||||mkv||
Game of Thrones S08E04 WEB H264-MEMENTO[rartv]|Game.of.Thrones.S08E04.WEB.H264-MEMENTO[rartv]|Series|Game of Thrones||"MEMENTO|rartv"|8|4|||"WEBDL|h264"|||||||||||
Game of Thrones S08E04 720p AMZN WEB-DL DDP5.1 H 264-GoT[eztv]|Game.of.Thrones.S08E04.720p.AMZN.WEB-DL.DDP5.1.H.264-GoT[eztv]|Series|Game of Thrones||"GoT|eztv"|8|4||720p|"WEBDL|h264"|"DDP|5.1"||||||||||
Game of Thrones S08E04 720p WEB H264-MEMENTO[rartv]|Game.of.Thrones.S08E04.720p.WEB.H264-MEMENTO[rartv]|Series|Game of Thrones||"MEMENTO|rartv"|8|4||720p|"WEBDL|h264"|||||||||||
[HorribleSubs] Fairy Gone - 05 [1080p].mkv|[HorribleSubs] Fairy Gone - 05 [1080p].mkv|Series|Fairy Gone||HorribleSubs||5||1080p||||||||||mkv||
Game of Thrones S08E04 WEBRip x264-ION10|Game.of.Thrones.S08E04.WEBRip.x264-ION10|Series|Game of Thrones||ION10|8|4|||"WEBRip|x264"|||||||||||
Supergirl S04E20 720p HDTV x264-AVS[rartv]|Supergirl.S04E20.720p.HDTV.x264-AVS[rartv]|Series|Supergirl||"AVS|rartv"|4|20||720p|HDTV|||||||||||
Game of Thrones S08E04 1080p AMZN WEB-DL DDP5.1 H 264-GoT[ettv]|Game.of.Thrones.S08E04.1080p.AMZN.WEB-DL.DDP5.1.H.264-GoT[ettv] torrent|Series|Game of Thrones||"GoT|ettv"|8|4||1080p|"WEBDL|h264"|"DDP|5.1"||||||||||
[HorribleSubs] Shingeki no Kyojin S3 - 51 [720p].mkv|[HorribleSubs] Shingeki no Kyojin S3 - 51 [720p].mkv|Series|Shingeki no Kyojin||HorribleSubs|3|51||720p||||||||||mkv||
Barry S02E06 1080p WEB H264-MEMENTO[rartv]|Barry.S02E06.1080p.WEB.H264-MEMENTO[rartv]|Series|Barry||"MOMENTO|rartv"|2|6||1080p|"WEBDL|h264"|||||||||||
Family Guy S17E19 1080p WEB x264-TBS[rartv]|Family.Guy.S17E19.1080p.WEB.x264-TBS[rartv]|Series|Family Guy||"TBS|rartv"|17|19||1080p|WEBDL|||||||||||
Killing Eve S02E05 720p HDTV x264-KILLERS[rartv]|Killing.Eve.S02E05.720p.HDTV.x264-KILLERS[rartv]|Series|Killing Eve||"KILLER|rartv"|2|5||720p|HDTV|||||||||||
The Simpsons S30E22 1080p WEB x264-TBS[rartv]|The.Simpsons.S30E22.1080p.WEB.x264-TBS[rartv]|Series|The Simpsons||"TBS|rartv"|30|22||1080p|WEBDL|||||||||||
[HorribleSubs] Fairy Gone - 05 [720p].mkv|[HorribleSubs] Fairy Gone - 05 [720p].mkv|Series|Fairy Gone||HorribleSubs||5||720p||||||||||mkv||
Line of Duty S05E06 1080p AMZN WEBRip DDP2.0 x264-NTb[rartv]|Line.of.Duty.S05E06.1080p.AMZN.WEBRip.DDP2.0.x264-NTb[rartv]|Series|Line of Duty||"NTb|rartv"|5|6||1080p|"WEBRip|x264"|"DDP|2.0"||||||||||
[HorribleSubs] Boruto - Naruto Next Generations - 105 [1080p].mkv|[HorribleSubs] Boruto - Naruto Next Generations - 105 [1080p].mkv|Series|Boruto - Naruto Next Generations||HorribleSubs||105||1080p||||||||||mkv||
Game of Thrones S08E04 WEB H264-MEMENTO|Game of Thrones S08E04 WEB H264-MEMENTO|Series|Game of Thrones||MOMENTO|8|4|||WEBDL|||||||||||
Barry S02E06 720p WEB H264-MEMENTO[rartv]|Barry.S02E06.720p.WEB.H264-MEMENTO[rartv]|Series|Barry||"MOMENTO|rartv"|2|6||720p|WEBDL|||||||||||
Bobs Burgers S09E21 1080p WEB x264-TBS[rartv]|Bobs.Burgers.S09E21.1080p.WEB.x264-TBS[rartv]|Series|Bobs Burgers||"TBS|rartv"|9|21||1080p|WEBDL|||||||||||
[neko-raws] Devilman Crybaby [BD][1080p][FLAC]|[neko-raws] Devilman Crybaby [BD][1080p][FLAC]|Series|Devilman Crybaby||neko-raws||||1080p|BD||FLAC|||||||||
NCIS Los Angeles S10E22 720p HDTV x264-KILLERS[rartv]|NCIS.Los.Angeles.S10E22.720p.HDTV.x264-KILLERS[rartv]|Series|NCIS Los Angeles||"KILLERS|rartv"|10|22||720p|"HDTV|x264"|||||||||||
[HorribleSubs] Shoumetsu Toshi - 05 [1080p].mkv|[HorribleSubs] Shoumetsu Toshi - 05 [1080p].mkv|Series|Shoumetsu Toshi||HorribleSubs||05||1080p||||||||||mkv||
Line of Duty S05E06 720p HDTV x264-FoV[rartv]|Line.of.Duty.S05E06.720p.HDTV.x264-FoV[rartv]|Series|Line of Duty||"FoV|rartv"|5|6||720p|"HDTV|x264"|||||||||||
Supergirl S04E20 720p HDTV x264-AVS|Supergirl S04E20 720p HDTV x264-AVS|Series|Supergirl||AVS|4|20||720p|"HDTV|x264"|||||||||||
Supergirl S04E20 720p HDTV x264-AVS[eztv]|Supergirl.S04E20.720p.HDTV.x264-AVS[eztv]|Series|Supergirl||"AVS|eztv"|4|20||720p|"HDTV|x264"|||||||||||
Game of Thrones S08E04 720p AMZN WEB-DL DDP5.1 H 264-GoT[ettv]|Game.of.Thrones.S08E04.720p.AMZN.WEB-DL.DDP5.1.H.264-GoT[ettv] torrent|Series|Game of Thrones||"GoT|ettv"|8|4||720p|"WEBDL|h264"|"DDP|5.1"||||||||||
UFC Fight Night 151 1080p HDTV x264-VERUM[rartv]|UFC.Fight.Night.151.1080p.HDTV.x264-VERUM[rartv]|Series|UFC Fight Night 151||"VERUM|rartv"||||1080p|"HDTV|x264"|||||||||||
[pyroneko] Golden Kamuy (BD 900p)|[pyroneko] Golden Kamuy (BD 900p)|Series|Golden Kamuy||pyroneko||||900p|BD|||||||||||
Game of Thrones S08E04 720p WEB H264-MEMENTO|Game of Thrones S08E04 720p WEB H264-MEMENTO|Series|Game of Thrones||MOMENTO|8|4||720p|"WEBDL|h264"|||||||||||
Line of Duty S05E06 1080p HDTV H264-MTB[rartv]|Line.of.Duty.S05E06.1080p.HDTV.H264-MTB[rartv]|Series|Line of Duty||"MTB|rartv"|5|6||1080p|"HDTV|h264"|||||||||||
[D3] The Saga of Tanya the Evil (BD RMX 1080p FLAC) [Dual-Audio]|[D3] The Saga of Tanya the Evil (BD RMX 1080p FLAC) [Dual-Audio]|Series|The Saga of Tanya the Evil||D3||||1080p|BD|Dual Audio|FLAC|||||||||
[HorribleSubs] Mayonaka no Occult Koumuin - 05 [1080p].mkv|[HorribleSubs] Mayonaka no Occult Koumuin - 05 [1080p].mkv|Series|Mayonaka no Occult Koumuin||HorribleSubs||5||1080p||||||||||mkv||
MasterChef Australia S11E05 720p HDTV x264-ORENJI[rartv]|MasterChef.Australia.S11E05.720p.HDTV.x264-ORENJI[rartv]|Series|MasterChef Australia||"ORENJI|rartv"|11|5||720p|"HDTV|x264"|||||||||||
[HorribleSubs] Shoumetsu Toshi - 05 [720p].mkv|[HorribleSubs] Shoumetsu Toshi - 05 [720p].mkv|Series|Shoumetsu Toshi||HorribleSubs||5||720p||||||||||mkv||
[HorribleSubs] Hachigatsu no Cinderella Nine - 05 [1080p].mkv|[HorribleSubs] Hachigatsu no Cinderella Nine - 05 [1080p].mkv|Series|Hachigatsu no Cinderella Nine||HorribleSubs||5||1080p||||||||||mkv||
Family Guy S17E19 720p WEB x264-TBS[rartv]|Family.Guy.S17E19.720p.WEB.x264-TBS[rartv]|Series|Family Guy||"TBS|rartv"|17|19||720p|"WEBDL|x264"|||||||||||
Saturday Night Live S44E19 Adam Sandler Shawn Mendes 1080p HULU WEBRip AAC2.0 H264-monkee[rartv]|Saturday.Night.Live.S44E19.Adam.Sandler.Shawn.Mendes.1080p.HULU.WEBRip.AAC2.0.H264-monkee[rartv]|Series|Saturday Night Live|Adam Sandler Shawn Mendes|"monkee|rartv"|44|19||1080p|"WEBRip|h264"||AAC2|||||||||
Game of Thrones S08E04 WEB H264-MEMENTO[eztv]|Game.of.Thrones.S08E04.WEB.H264-MEMENTO[eztv]|Series|Game of Thrones||"MOMENTO|eztv"|8|4|||"WEBDL|h264"|||||||||||
Supergirl S04E20 HDTV x264-SVA[rartv]|Supergirl.S04E20.HDTV.x264-SVA[rartv]|Series|Supergirl||"SVA|rartv"|4|20|||HDTV|||||||||||
[RE UPLOAD][Moozzi2][OFFICIAL SUBS] Tokyo Ghoul Re S1 (BD 1920x1080 x.264 Flac) - TV + SP|[RE UPLOAD][Moozzi2][OFFICIAL SUBS] Tokyo Ghoul Re S1 (BD 1920x1080 x.264 Flac) - TV + SP|Series|Tokyo Ghoul Re||Moozzi2|1|||1920x1080|"BD|x264"||FLAC|||||||||
The Spanish Princess S01E01 The New World 1080p AMZN WEBRip DDP5.1 x264-QOQ[rartv]|The.Spanish.Princess.S01E01.The.New.World.1080p.AMZN.WEBRip.DDP5.1.x264-QOQ[rartv]|Series|The Spanish Princess|The New World|"QOQ|rartv"|1|1||1080p|"WEBRip|x264"|"DDP|5.1"||||||||||
Line of Duty S05E06 720p AMZN WEBRip DDP2.0 x264-NTb[rartv]|Line.of.Duty.S05E06.720p.AMZN.WEBRip.DDP2.0.x264-NTb[rartv]|Series|Line of Duty||"NTb|rartv"|5|6||720p|"WEBRip|x264"|"DDP|2.0"||||||||||
[HorribleSubs] Boruto - Naruto Next Generations - 105 [720p].mkv|[HorribleSubs] Boruto - Naruto Next Generations - 105 [720p].mkv|Series|Boruto - Naruto Next Generations||HorribleSubs||105||720p||||||||||mkv||
The Simpsons S30E22 720p WEB x264-TBS[rartv]|The.Simpsons.S30E22.720p.WEB.x264-TBS[rartv]|Series|The Simpsons||"TBS|rartv"|30|22||720p|"WEBDL|x264"|||||||||||
[BlueLobster] Aria The Animation (01-52) [480p] (Batch)|[BlueLobster] Aria The Animation (01-52) [480p] (Batch)|Series|Aria The Animation||BlueLobster||1-52|1|480p||||||||||||
Rick and Morty Season 1 S01 1080p BluRay DD5.1 x264-NTb [RiCK]|Rick and Morty Season 1 S01 1080p BluRay DD5.1 x264-NTb [RiCK] torrent|Series|Rick and Morty||"RiCK|NTb"|1|||1080p|"BD|x264"|"DD|5.1"||||||||||
Rick and Morty S03E10 720p HDTV x264-BATV|Rick.and.Morty.S03E10.720p.HDTV.x264-BATV|Series|Rick and Morty||BATV|3|10||720p|"HDTV|x264"|||||||||||
Rick and Morty S03E10 Uncensored 1080p WEB-DL DD5.1 H264-RARBG|Rick and Morty S03E10 Uncensored 1080p WEB-DL DD5.1 H264-RARBG|Series|Rick and Morty ||RARBG|3|10||1080p|"WEBDL|h264"|"DD|5.1"||||||||||
Rick and Morty Season 2 S02 (1080p BluRay x265 HEVC 10bit AAC 5.1 Q22 Joy) [UTR]|Rick and Morty Season 2 S02 (1080p BluRay x265 HEVC 10bit AAC 5.1 Q22 Joy) [UTR] torrent|Series|Rick and Morty||"Joy|UTR"|2|||1080p|"BD|x265|HEVC|10bit"|5.1|AAC|||||||||
Rick and Morty S03E10 720p HDTV x264-BATV[eztv]|Rick.and.Morty.S03E10.720p.HDTV.x264-BATV[eztv]|Series|Rick and Morty||"BATV|eztv"|3|10||720p|"HDTV|x264"|||||||||||
Rick and Morty S03E10 The Rickchurian Mortydate 1080p AMZN WEB-DL DDP5.1 H 264-QOQ|Rick.and.Morty.S03E10.The.Rickchurian.Mortydate.1080p.AMZN.WEB-DL.DDP5.1.H.264-QOQ|Series|Rick and Morty|The Rickchurian Mortydate|QOQ|3|10||1080p|"AMZN|WEBDL|h264"|"DDP|5.1"||||||||||
Rick and Morty Season 3 Complete 1080p Uncensored x264-Rapta|Rick.and.Morty.Season.3.Complete.1080p.Uncensored.x264-Rapta|Series|Rick and Morty||Rapta|3||1|1080p|x264|||||||||||
Rick and Morty Season 1 S01 (1080p BluRay x265 HEVC 10bit AAC 5.1 Q22 Joy) [UTR]|Rick and Morty Season 1 S01 (1080p BluRay x265 HEVC 10bit AAC 5.1 Q22 Joy) [UTR] torrent|Series|Rick and Morty||"Joy|UTR"|1|||1080p|"BD|x265|HEVC|10bit"|5.1|AAC|||||||||
Rick and Morty Season 1 [1080p] [HEVC]|Rick and Morty Season 1 [1080p] [HEVC]|Series|Rick and Morty|||1|||1080p|HEVC|||||||||||
Rick and Morty Season 2 [WEBRIP] [1080p] [HEVC] [x265]|Rick and Morty Season 2 [WEBRIP] [1080p] [HEVC] [x265]|Series|Rick and Morty|||2|||1080p|"WEBRIP|HEVC|x265"|||||||||||
Rick And Morty Season 01 COMPLETE 720p HDTV x264|Rick And Morty Season 01 COMPLETE 720p HDTV x264 torrent|Series|Rick and Morty|||1||1|720p|"HDTV|x264"|||||||||||
Rick and Morty Season 2 [WEBRIP] [1080p] [HEVC]|Rick and Morty Season 2 [WEBRIP] [1080p] [HEVC]|Series|Rick and Morty|||2|||1080p|"WEBRIP|HEVC"|||||||||||
Rick and Morty S03E08 720p HDTV x264-BATV[rartv]|Rick and Morty S03E08 720p HDTV x264-BATV[rartv]|Series|Rick and Morty||"BATV|rartv"|3|8||720p|"HDTV|x264"|||||||||||
Rick and Morty S03E06 720p HDTV x264-BATV[rartv]|Rick and Morty S03E06 720p HDTV x264-BATV[rartv]|Series|Rick and Morty||"BATV|rartv"|3|6||720p|"HDTV|x264"|||||||||||
Rick and Morty Season 1 [UNCENSORED] [BDRip] [1080p] [HEVC]|Rick and Morty Season 1 [UNCENSORED] [BDRip] [1080p] [HEVC]|Series|Rick and Morty|||1|||1080p|"HEVC|BDRip"|||||||||||
Rick and Morty S03 1080p BluRay x264 YELLOWBiRD[rartv]|Rick and Morty S03 1080p BluRay x264 YELLOWBiRD[rartv]|Series|Rick and Morty||"YELLOWBiRD|rartv"|3|||1080p|"BD|x264"|||||||||||
Rick and Morty S03 1080p BluRay x264-YELLOWBiRD[rartv]|Rick.and.Morty.S03.1080p.BluRay.x264-YELLOWBiRD[rartv]|Series|Rick and Morty||"YELLOWBiRD|rartv"|3|||1080p|"BD|x264"|||||||||||
Rick and Morty Season 1 S01 EXTRAS 1080p BluRay x264 [RiCK]|Rick and Morty Season 1 S01 EXTRAS 1080p BluRay x264 [RiCK] torrent|Series|Rick and Morty||RiCK|1|||1080p|"BD|x264"|||||||||||
Rick and Morty (Season 02) [UNCENSORED] [720p] [BD]|Rick and Morty (Season 02) [UNCENSORED] [720p] [BD]|Series|Rick and Morty|||2|||720p|BD|||||||||||
Rick and Morty S03E08 720p HDTV x264-BATV [eztv]|Rick and Morty S03E08 720p HDTV x264-BATV [eztv]|Series|Rick and Morty||"BATV|eztv"|3|8||720p|"HDTV|x264"|||||||||||
Rick and Morty S01-S03 1080p HEVC x265-GIRAYS|Rick.and.Morty.S01-S03.1080p.HEVC.x265-GIRAYS|Series|Rick and Morty||GIRAYS|1-3|||1080p|"HEVC|x265"|||||||||||
Rick and Morty (2013) Season 03 S03 (1080p BluRay x265 HEVC 10bit AAC 5.1 Q22 Joy) [UTR]|Rick and Morty (2013) Season 03 S03 (1080p BluRay x265 HEVC 10bit AAC 5.1 Q22 Joy) [UTR] torrent|Series|Rick and Morty||"Joy|UTR"|3|||1080p|"BD|x265|HEVC|10bit"|5.1|AAC|||||2013||||
Rick and Morty S02 1080p BluRay x264-YELLOWBiRD[rartv]|Rick.and.Morty.S02.1080p.BluRay.x264-YELLOWBiRD[rartv]|Series|Rick and Morty||"YELLOWBiRD|rartv"|2|||1080p|"BD|x264"|||||||||||
Rick and Morty Season 3 Complete 720p HDTV x264 [i_c]|Rick and Morty Season 3 Complete 720p HDTV x264 [i_c]|Series|Rick and Morty||i_c|3|||720p|"HDTV|x264"|||||||||||
Rick and Morty S03E10 720p HDTV x264-BATV[ettv]|Rick.and.Morty.S03E10.720p.HDTV.x264-BATV[ettv]|Series|Rick and Morty||"BATV|ettv"|3|10||720p|"HDTV|x264"|||||||||||
Rick and Morty S03E06 720p HDTV x264|Rick and Morty S03E06 720p HDTV x264|Series|Rick and Morty|||3|6||720p|"HDTV|x264"|||||||||||
Rick and Morty S03E04 720p HDTV x264|Rick and Morty S03E04 720p HDTV x264|Series|Rick and Morty|||3|4||720p|"HDTV|x264"|||||||||||
Rick and Morty S03E02 720p HDTV x264-BATV[rartv]|Rick and Morty S03E02 720p HDTV x264-BATV[rartv]|Series|Rick and Morty||"BATV|rartv"|3|2||720p|"HDTV|x264"|||||||||||
Rick and Morty Season 1 S01 (1080p BluRay x265 HEVC 10bit AAC 5.1 Joy) [UTR]|Rick and Morty Season 1 S01 (1080p BluRay x265 HEVC 10bit AAC 5.1 Joy) [UTR] torrent|Series|Rick and Morty||"Joy|UTR"|1|||1080p|"BD|x265|HEVC|10bit"|5.1|AAC|||||||||
Rick and Morty S03E07 720p HDTV x264-BATV[rartv]|Rick and Morty S03E07 720p HDTV x264-BATV[rartv]|Series|Rick and Morty||"BATV|rartv"|3|7||720p|"HDTV|x264"|||||||||||
Rick and Morty S03E10 The Rickchurian Mortydate 1080p AMZN WEBRip DDP5 1 x264-QOQ[rartv]|Rick and Morty S03E10 The Rickchurian Mortydate 1080p AMZN WEBRip DDP5 1 x264-QOQ[rartv]|Series|Rick and Morty|The Rickchurian Mortydate|"QOQ|rartv"|3|10||1080p|"AMZN|WEBRip|x264"|"5.1|DDP"||||||||||
Rick and Morty S03E07 720p HDTV x264-BATV [eztv]|Rick and Morty S03E07 720p HDTV x264-BATV [eztv]|Series|Rick and Morty||"BATV|eztv"|3|7||720p|"HDTV|x264"|||||||||||
Rick And Morty S01 Season 1 COMPLETE 720p HDTV x264-nsj7762|Rick.And.Morty.S01.Season.1.COMPLETE.720p.HDTV.x264-nsj7762|Series|Rick and Morty||nsj7762|1||1|720p|"HDTV|x264"|||||||||||
Rick and Morty S03E10 HDTV x264-BATV|Rick.and.Morty.S03E10.HDTV.x264-BATV|Series|Rick and Morty||BATV|3|10|||"HDTV|x264"|||||||||||
Rick and Morty S03E02 Rickmancing the Stone 1080p AMZN WEBRip DDP5 1 x264-QOQ[rartv]|Rick and Morty S03E02 Rickmancing the Stone 1080p AMZN WEBRip DDP5 1 x264-QOQ[rartv]|Series|Rick and Morty|Rickmancing the Stone|"QOQ|rartv"|3|2||1080p|"AMZN|WEBRip|x264"|"DDP|5.1"||||||||||
Rick and Morty S03E03 720p HDTV x264-BATV[rartv]|Rick and Morty S03E03 720p HDTV x264-BATV[rartv]|Series|Rick and Morty||"BATV|rartv"|3|3||720p|"HDTV|x264"|||||||||||
Rick and Morty Season 1 Complete (1920x1080) [Phr0stY]|Rick and Morty Season 1 Complete (1920x1080) [Phr0stY] torrent|Series|Rick and Morty||Phr0stY|1||1|1920x1080||||||||||||
Rick and Morty Season 3 Complete 720p HDTV x264 [i c]|Rick and Morty Season 3 Complete 720p HDTV x264 [i c]|Series|Rick and Morty||i c|3||1|720p|"HDTV|x264"|||||||||||
Rick and Morty S03E08 Uncensored 1080p WEB-DL DD5.1 H264-RARBG|Rick.and.Morty.S03E08.Uncensored.1080p.WEB-DL.DD5.1.H264-RARBG|Series|Rick and Morty||RARBG|3|8||1080p|"WEBDL|h264"|"DD|5.1"||||||||||
[V2] Rick and Morty (2013) Season 01 02 03 S01 S02 S03 (1080p Bluray HEVC x265 10bit 5.1 AAC BugsFunny) [UTR]|[V2] Rick and Morty (2013) Season 01 02 03 S01 S02 S03 (1080p Bluray HEVC x265 10bit 5.1 AAC BugsFunny) [UTR]|Series|Rick and Morty||"BugsFunny|UTR"|1-3|||1080p|"BD|HEVC|x265|10bit"|5.1|AAC|||||2013|v2|||
Rick and Morty S03E10 WEBRip x264-RARBG|Rick.and.Morty.S03E10.WEBRip.x264-RARBG|Series|Rick and Morty||RARGB|3|10|||"WEBRip|x264"|||||||||||
Rick and Morty Season 2 Complete 720p MKV|Rick and Morty Season 2 Complete 720p MKV|Series|Rick and Morty||MKV|2||1|||||||||||||
[V2] Rick And Morty (2013) Season 01 02 03 S01 S02 S03 (1080p Bluray HEVC X265 10bit 5.1 AAC BugsFunny) [UTR]|[V2] Rick And Morty (2013) Season 01 02 03 S01 S02 S03 (1080p Bluray HEVC X265 10bit 5.1 AAC BugsFunny) [UTR]|Series|Rick and Morty||"BugsFunny|UTR"|1-3|||1080p|"BD|HEVC|x265|10bit"|5.1|AAC|||||2013|v2|||
Rick and Morty Season 1 COMPLETE 1080p|Rick and Morty Season 1 COMPLETE 1080p torrent|Series|Rick and Morty|||1||1|1080p||||||||||||
Rick and Morty S03E10 HDTV x264-BATV[ettv]|Rick.and.Morty.S03E10.HDTV.x264-BATV[ettv]|Series|Rick and Morty||"BATV|ettv"|3|10|||"HDTV|"|||||||||||
Rick and Morty S03E10 1080p WEB x264-STRiFE [rarbg]|Rick.and.Morty.S03E10.1080p.WEB.x264-STRiFE [rarbg]|Series|Rick and Morty||"rarbg|STRiFE"|3|10||1080p|"WEB|x264"|||||||||||
Rick and Morty S03 720p BluRay x264-YELLOWBiRD[rartv]|Rick.and.Morty.S03.720p.BluRay.x264-YELLOWBiRD[rartv]|Series|Rick and Morty||"YELLOWBiRD|rartv"|3|||720p|"BD|x264"|||||||||||
Rick and Morty (2013) Season 03 S03 (1080p BluRay x265 HEVC 10bit AAC 5.1 Tuned Joy) [UTR]|Rick and Morty (2013) Season 03 S03 (1080p BluRay x265 HEVC 10bit AAC 5.1 Tuned Joy) [UTR] torrent|Series|Rick and Morty||"Tuned Joy|UTR"|3|3||1080p|"BD|x265|HEVC|10bit"|5.1|AAC|||||||||
Rick and Morty S03E10 HDTV x264-BATV[rartv]|Rick and Morty S03E10 HDTV x264-BATV[rartv]|Series|Rick and Morty||"BATV|rartv"|3|10|||"HDTV|x264"|||||||||||
Rick and Morty S03E07 HDTV x264-BATV[rartv]|Rick and Morty S03E07 HDTV x264-BATV[rartv]|Series|Rick and Morty||"BATV|rartv"|3|7|||"HDTV|x264"|||||||||||
Rick and Morty S02 720p BluRay X264-REWARD[rartv]|Rick.and.Morty.S02.720p.BluRay.X264-REWARD[rartv]|Series|Rick and Morty||"REWARD|rartv"|2|||720p|"BD|x264"|||||||||||
Rick and Morty S03E06 Rest and Ricklaxation 720p AMZN WEBRip DDP5 1 x264-QOQ[rartv]|Rick and Morty S03E06 Rest and Ricklaxation 720p AMZN WEBRip DDP5 1 x264-QOQ[rartv]|Series|Rick and Morty|Rest and Ricklaxation|"QOQ|rartv"|3|6||720p|"AMZN|WEBRip|x264"|"5.1|DDP"||||||||||
Rick and Morty (Season 03) [UNCENSORED] [1080p] [WEB-RIP] [5.1 AAC] [x265] [pseudo]|Rick and Morty (Season 03) [UNCENSORED] [1080p] [WEB-RIP] [5.1 AAC] [x265] [pseudo]|Series|Rick and Morty||pseudo|3|||1080p|"WEBRip|x265"|5.1|AAC|||||||||
Rick and Morty S03E07 HDTV x264-BATV [eztv]|Rick and Morty S03E07 HDTV x264-BATV [eztv]|Series|Rick and Morty||"BATV|eztv"|3|7|||"HDTV|x264"|||||||||||
Rick and Morty S03E06 Rest and Ricklaxation 1080p AMZN WEBRip DDP5 1 x264-QOQ[rartv]|Rick and Morty S03E06 Rest and Ricklaxation 1080p AMZN WEBRip DDP5 1 x264-QOQ[rartv]|Series|Rick and Morty|Rest and Ricklaxation|"QOQ|rartv"|3|6||1080p|"AMZN|WEBRip|x264"|"5.1|DDP"||||||||||
Rick and Morty Season 1 S01 1080p BluRay DD5 1 x264-NTb [RiCK]|Rick and Morty Season 1 S01 1080p BluRay DD5 1 x264-NTb [RiCK]|Series|Rick and Morty||"NTb|RiCK"|1|||1080p|"BD|x264"|"DD|5.1"||||||||||
Rick and Morty S03E05 720p HDTV x264-BATV[ettv]|Rick and Morty S03E05 720p HDTV x264-BATV[ettv]|Series|Rick and Morty||"BATV|ettv"|3|5||720p|"HDTV|x264"|||||||||||
Rick and Morty S03E04 Vindicators 3 The Return of Worldender 1080p AMZN WEBRip DDP5.1 x264-QOQ[rartv]|Rick.and.Morty.S03E04.Vindicators.3.The.Return.of.Worldender.1080p.AMZN.WEBRip.DDP5.1.x264-QOQ[rartv]|Series|Rick and Morty|Vindicators 3 The Return of Worldender|"QOQ|rartv"|3|4||1080p|"AMZN|WEBRip|x264"|"DDP|5.1"||||||||||
Rick and Morty S03E05 The Whirly Dirly Conspiracy 1080p AMZN WEBRip DD5.1 x264-QOQ[rartv]|Rick.and.Morty.S03E05.The.Whirly.Dirly.Conspiracy.1080p.AMZN.WEBRip.DD5.1.x264-QOQ[rartv]|Series|Rick and Morty|The Whirly Dirly Conspiracy|"QOQ|rartv"|3|5||1080p|"AMZN|WEBRip|x264"|"DDP|5.1"||||||||||
Rick and Morty S03E02 720p HDTV x264-BATV|Rick and Morty S03E02 720p HDTV x264-BATV|Series|Rick and Morty||BATV|3|2||720p|"HDTV|x264"|||||||||||
